,代码,名称,最新价,涨跌额,涨跌幅,买入,卖出,昨收,今开,最高,最低,成交量,成交额
0,sz159998,计算机ETF,0.625,0.026,4.341,0.625,0.626,0.599,0.573,0.629,0.573,72543000,43945089
1,sz159997,电子ETF,0.746,0.045,6.419,0.746,0.747,0.701,0.697,0.748,0.691,42039900,30414404
2,sz159996,家电ETF,1.007,0.026,2.65,1.007,1.008,0.981,0.969,1.018,0.969,154872400,154651504
3,sz159995,芯片ETF,0.755,0.046,6.488,0.755,0.756,0.709,0.702,0.755,0.699,758547167,554506811
4,sz159994,5GETF,0.628,0.043,7.35,0.628,0.629,0.585,0.585,0.631,0.577,52443604,32107760
5,sz159993,证券ETF龙头,0.918,0.044,5.034,0.918,0.919,0.874,0.865,0.922,0.861,78333700,70148073
6,sz159992,创新药ETF,0.671,0.061,10.0,0.671,0.0,0.61,0.604,0.671,0.601,519433024,334057375
7,sz159991,创大盘ETF,0.35,0.017,5.105,0.349,0.35,0.333,0.324,0.356,0.319,54474900,18373034
8,sz159990,小盘价值ETF,1.119,0.059,5.566,1.119,1.123,1.06,1.05,1.126,1.047,5352920,5816583
9,sz159987,科技创新ETF,1.077,0.065,6.423,1.077,1.078,1.012,1.007,1.077,1.007,1048100,1078091
10,sz159985,豆粕ETF,1.97,0.005,0.254,1.969,1.97,1.965,1.975,1.975,1.964,27792300,54719065
11,sz159982,中证500ETF鹏华,1.194,0.097,8.842,1.194,1.195,1.097,1.097,1.194,1.08,13181000,14911077
12,sz159981,能源化工ETF,1.625,0.006,0.371,1.625,1.626,1.619,1.612,1.632,1.609,8863500,14370773
13,sz159980,有色ETF,1.509,-0.003,-0.198,1.508,1.509,1.512,1.511,1.511,1.501,27812000,41884432
14,sz159977,创业板ETF天弘,1.706,0.103,6.425,1.706,1.707,1.603,1.575,1.706,1.571,88639448,146897659
15,sz159976,湾创ETF,0.839,0.017,2.068,0.842,0.845,0.822,0.815,0.843,0.815,2227700,1853814
16,sz159975,深100ETF招商,0.46,0.018,4.072,0.458,0.46,0.442,0.444,0.46,0.444,20884800,9421572
17,sz159974,央企创新ETF,1.339,0.043,3.318,1.336,1.339,1.296,1.297,1.342,1.284,11348400,14905034
18,sz159973,民企ETF,1.026,0.048,4.908,1.026,1.029,0.978,0.968,1.026,0.968,6749600,6782640
19,sz159972,5年地债ETF,113.024,-0.016,-0.014,113.022,113.024,113.04,112.988,113.096,112.951,680700,76919850
20,sz159971,创业板ETF富国,1.136,0.06,5.576,1.135,1.136,1.076,1.067,1.136,1.06,4667600,5158171
21,sz159970,深100ETF工银,3.849,0.127,3.412,3.85,3.887,3.722,3.685,3.864,3.685,593600,2266311
22,sz159969,深100ETF银华,0.97,0.032,3.412,0.95,1.002,0.938,0.927,0.972,0.927,1814700,1736439
23,sz159968,中证500ETF博时,5.754,0.42,7.874,5.753,5.77,5.334,5.333,5.867,5.281,3175449,17457051
24,sz159967,创业板成长ETF,0.368,0.024,6.977,0.367,0.368,0.344,0.34,0.368,0.338,488891727,174629817
25,sz159966,创业板价值ETF,0.395,0.022,5.898,0.394,0.395,0.373,0.374,0.395,0.371,30740722,11726245
26,sz159965,央视50ETF,1.237,0.032,2.656,1.235,1.237,1.205,1.197,1.237,1.191,734300,897551
27,sz159964,创业板ETF平安,1.054,0.062,6.25,1.052,1.054,0.992,0.995,1.055,0.972,9688102,9919846
28,sz159961,深100ETF方正富邦,1.351,0.061,4.729,1.35,1.355,1.29,1.302,1.351,1.296,7633900,10111779
29,sz159960,恒生中国企业ETF,0.603,0.021,3.608,0.602,0.603,0.582,0.582,0.603,0.582,5925800,3531044
30,sz159959,央企ETF,1.233,0.038,3.18,1.232,1.233,1.195,1.187,1.233,1.175,18549500,22519870
31,sz159958,创业板ETF工银,0.976,0.06,6.55,0.976,0.977,0.916,0.92,0.977,0.908,8722500,8297840
32,sz159957,创业板100ETF华夏,1.07,0.06,5.941,1.07,1.071,1.01,0.999,1.071,0.99,8001600,8294265
33,sz159956,创业板ETF建信,1.051,0.087,9.025,1.051,1.06,0.964,0.966,1.063,0.957,4562700,4627779
34,sz159954,H股ETF,0.583,0.024,4.293,0.583,0.585,0.559,0.559,0.583,0.559,14266000,8191571
35,sz159952,创业板ETF广发,0.988,0.059,6.351,0.988,0.989,0.929,0.915,0.988,0.913,236406500,226950992
36,sz159949,创业板50ETF,0.7,0.039,5.9,0.7,0.701,0.661,0.654,0.701,0.651,2330097682,1593116202
37,sz159948,创业板ETF南方,1.79,0.097,5.729,1.788,1.79,1.693,1.69,1.792,1.67,13860800,24183758
38,sz159945,能源ETF基金,1.089,0.005,0.461,1.089,1.091,1.084,1.078,1.096,1.071,1504600,1620472
39,sz159944,材料ETF,0.794,0.042,5.585,0.792,0.794,0.752,0.749,0.795,0.749,1815000,1414197
40,sz159943,深证成指ETF,0.882,0.045,5.376,0.881,0.882,0.837,0.827,0.882,0.818,21221352,18173750
41,sz159941,纳指ETF,0.973,0.003,0.309,0.972,0.973,0.97,0.97,0.973,0.969,468624900,454757964
42,sz159940,金融地产ETF,0.883,0.027,3.154,0.882,0.883,0.856,0.854,0.885,0.853,1885800,1644041
43,sz159939,信息技术ETF,0.424,0.032,8.163,0.424,0.425,0.392,0.391,0.424,0.39,74097901,30283634
44,sz159938,医药卫生ETF,0.615,0.044,7.706,0.615,0.616,0.571,0.566,0.623,0.564,121293400,72275876
45,sz159937,黄金ETF基金,4.632,-0.005,-0.108,4.631,4.632,4.637,4.639,4.639,4.629,25243300,116940011
46,sz159936,可选消费ETF,1.467,0.059,4.19,1.467,1.469,1.408,1.406,1.473,1.394,2351100,3416464
47,sz159935,景顺中证500ETF,1.487,0.107,7.754,1.486,1.49,1.38,1.388,1.495,1.386,2227100,3180154
48,sz159934,黄金ETF,4.584,-0.009,-0.196,4.583,4.584,4.593,4.589,4.591,4.583,20843705,95603690
49,sz159933,国投金融地产ETF,2.268,0.198,9.565,2.268,0.0,2.07,2.085,2.268,2.085,17400,37669
50,sz159931,金融ETF,1.396,0.035,2.572,1.394,1.396,1.361,1.356,1.398,1.356,2438200,3375053
51,sz159930,能源ETF,1.365,0.009,0.664,1.364,1.365,1.356,1.356,1.373,1.341,15939400,21604595
52,sz159929,医药ETF,1.278,0.088,7.395,1.278,1.279,1.19,1.171,1.278,1.171,59276900,73093744
53,sz159928,消费ETF,0.81,0.031,3.979,0.81,0.811,0.779,0.778,0.811,0.774,166109400,132538819
54,sz159925,沪深300ETF南方,3.306,0.109,3.409,3.306,3.308,3.197,3.166,3.309,3.166,32505849,105511616
55,sz159923,中证100ETF,1.463,0.056,3.98,1.463,1.488,1.407,1.428,1.5,1.408,909700,1334010
56,sz159922,中证500ETF,5.032,0.373,8.006,5.032,5.033,4.659,4.614,5.034,4.575,148463655,715431814
57,sz159920,恒生ETF,0.958,0.033,3.568,0.958,0.959,0.925,0.926,0.958,0.925,896870301,846663656
58,sz159919,沪深300ETF,3.44,0.09,2.687,3.44,3.441,3.35,3.328,3.444,3.306,868474144,2951458579
59,sz159918,中创400ETF,1.36,0.099,7.851,1.351,1.36,1.261,1.255,1.372,1.244,2344300,3072357
60,sz159916,深F60ETF,4.115,0.099,2.465,4.02,4.102,4.016,4.002,4.128,3.678,513900,2102740
61,sz159915,创业板ETF,1.623,0.096,6.287,1.623,1.624,1.527,1.508,1.624,1.502,3688075091,5835093267
62,sz159913,深价值ETF,1.8,0.051,2.916,1.804,1.809,1.749,1.721,1.803,1.72,1867900,3265824
63,sz159912,深300ETF,1.149,0.06,5.51,1.149,1.152,1.089,1.084,1.152,1.084,1863700,2104865
64,sz159910,基本面120ETF,1.825,0.07,3.989,1.807,1.825,1.755,1.749,1.825,1.749,1964000,3497151
65,sz159909,TMT50ETF,0.481,0.027,5.947,0.481,0.482,0.454,0.455,0.482,0.453,6250685,2941719
66,sz159908,创业板ETF博时,1.519,0.09,6.298,1.517,1.519,1.429,1.429,1.519,1.415,15955800,23670964
67,sz159907,2000ETF,1.098,0.059,5.679,1.098,1.1,1.039,1.029,1.107,0.977,17070300,17753047
68,sz159906,深成长龙头ETF,0.7,0.047,7.198,0.698,0.7,0.653,0.649,0.706,0.646,8972100,6129778
69,sz159905,深红利ETF,1.746,0.059,3.497,1.745,1.746,1.687,1.683,1.747,1.671,28849300,49782679
70,sz159903,深成ETF,1.001,0.054,5.702,1.001,1.002,0.947,0.935,1.001,0.927,27351900,26593730
71,sz159902,中小100ETF,2.664,0.156,6.22,2.664,2.665,2.508,2.486,2.664,2.48,20194700,52420625
72,sz159901,深证100ETF,2.26,0.097,4.485,2.26,2.261,2.163,2.145,2.261,2.123,75164230,166334855
73,sz159899,软件龙头ETF,0.546,0.034,6.641,0.545,0.546,0.512,0.505,0.549,0.503,25423300,13325428
74,sz159898,医疗器械指数ETF,0.519,0.031,6.352,0.518,0.52,0.488,0.485,0.525,0.484,44277200,22521488
75,sz159896,物联网龙头ETF,0.59,0.031,5.546,0.584,0.59,0.559,0.555,0.59,0.555,10941000,6307312
76,sz159895,物联网50ETF,0.634,0.032,5.316,0.634,0.635,0.602,0.608,0.634,0.608,1369800,860993
77,sz159892,恒生医药ETF,0.435,0.028,6.88,0.435,0.436,0.407,0.406,0.436,0.402,1003911804,421074128
78,sz159891,医疗ETF基金,0.441,0.024,5.755,0.441,0.442,0.417,0.415,0.444,0.414,5390300,2348357
79,sz159890,云计算ETF,0.738,0.05,7.267,0.737,0.738,0.688,0.684,0.742,0.675,17898300,12729818
80,sz159889,智能汽车ETF,0.635,0.038,6.365,0.635,0.638,0.597,0.597,0.657,0.586,8829000,5398218
81,sz159888,智能车ETF,0.729,0.046,6.735,0.729,0.73,0.683,0.682,0.732,0.672,35567460,25168408
82,sz159887,银行ETF,0.928,0.009,0.979,0.928,0.929,0.919,0.919,0.928,0.913,57157502,52789142
83,sz159886,机械ETF,0.671,0.03,4.68,0.67,0.671,0.641,0.638,0.671,0.638,16555200,10931821
84,sz159885,碳中和ETF基金,0.525,0.02,3.96,0.525,0.526,0.505,0.51,0.528,0.501,13949550,7233946
85,sz159883,医疗器械ETF,0.499,0.033,7.082,0.498,0.499,0.466,0.464,0.501,0.461,117376200,57091530
86,sz159881,有色60ETF,0.814,0.049,6.405,0.814,0.821,0.765,0.756,0.822,0.756,20916098,16761299
87,sz159880,有色ETF基金,0.843,0.04,4.981,0.843,0.844,0.803,0.795,0.845,0.795,7007400,5788772
88,sz159877,医疗产业ETF,0.587,0.037,6.727,0.587,0.588,0.55,0.545,0.591,0.545,6470300,3672633
89,sz159876,有色龙头ETF,0.88,0.044,5.263,0.88,0.881,0.836,0.828,0.882,0.828,2343000,1999142
90,sz159875,新能源ETF,0.429,0.026,6.452,0.428,0.429,0.403,0.402,0.429,0.398,140052400,58539538
91,sz159873,医疗设备ETF,0.577,0.041,7.649,0.577,0.578,0.536,0.535,0.58,0.531,15719300,8839130
92,sz159872,智能网联汽车ETF,0.652,0.012,1.875,0.651,0.652,0.64,0.638,0.656,0.609,2564800,1656577
93,sz159871,有色金属ETF,0.858,0.046,5.665,0.849,0.859,0.812,0.804,0.86,0.801,7014900,5859389
94,sz159870,化工ETF,0.528,0.033,6.667,0.527,0.528,0.495,0.494,0.529,0.492,108803261,56000422
95,sz159869,游戏ETF,0.843,0.059,7.526,0.843,0.844,0.784,0.765,0.851,0.758,607620743,488210659
96,sz159867,畜牧ETF,0.568,0.019,3.461,0.568,0.569,0.549,0.544,0.572,0.542,36275802,20266627
97,sz159866,日经ETF,1.076,-0.044,-3.929,1.076,1.077,1.12,1.118,1.118,1.072,1080522410,1177579842
98,sz159865,养殖ETF,0.565,0.021,3.86,0.565,0.566,0.544,0.54,0.568,0.536,167006800,92338020
99,sz159864,光伏50ETF,0.485,0.025,5.435,0.483,0.485,0.46,0.454,0.486,0.449,66217501,31337715
100,sz159863,光伏ETF基金,0.506,0.027,5.637,0.506,0.507,0.479,0.479,0.508,0.47,25393804,12641494
101,sz159862,食品ETF,0.682,0.029,4.441,0.683,0.685,0.653,0.653,0.683,0.653,4376300,2964998
102,sz159861,碳中和50ETF,0.77,0.033,4.478,0.77,0.772,0.737,0.733,0.77,0.733,10139401,7677106
103,sz159859,生物医药ETF,0.385,0.035,10.0,0.384,0.385,0.35,0.345,0.385,0.341,265504907,97623555
104,sz159858,创新药ETF基金,0.521,0.045,9.454,0.52,0.521,0.476,0.472,0.521,0.468,22783700,11434455
105,sz159857,光伏ETF,0.642,0.037,6.116,0.642,0.643,0.605,0.596,0.643,0.596,297174200,186202765
106,sz159856,互联网龙头ETF,0.41,0.025,6.494,0.409,0.41,0.385,0.382,0.41,0.38,20942801,8348356
107,sz159855,影视ETF,0.683,0.03,4.594,0.683,0.684,0.653,0.641,0.693,0.622,14240900,9362427
108,sz159852,软件ETF,0.561,0.038,7.266,0.561,0.562,0.523,0.516,0.566,0.51,129191000,69755208
109,sz159851,金融科技ETF,0.796,0.05,6.702,0.795,0.796,0.746,0.716,0.802,0.716,39500200,30293865
110,sz159850,恒生国企ETF,0.542,0.023,4.432,0.542,0.543,0.519,0.519,0.544,0.519,94182409,50309934
111,sz159849,生物科技ETF招商,0.469,0.033,7.569,0.468,0.469,0.436,0.432,0.469,0.428,5257200,2375753
112,sz159848,证券ETF基金,0.697,0.04,6.088,0.697,0.698,0.657,0.656,0.698,0.653,12295600,8395976
113,sz159847,医疗50ETF,0.387,0.024,6.612,0.387,0.388,0.363,0.36,0.388,0.358,59124519,22168544
114,sz159845,中证1000ETF,1.858,0.119,6.843,1.857,1.858,1.739,1.7,1.877,1.687,2422563369,4268183736
115,sz159843,食品饮料ETF,0.646,0.027,4.362,0.645,0.646,0.619,0.616,0.647,0.615,43306101,27651618
116,sz159842,券商ETF,0.827,0.045,5.754,0.827,0.828,0.782,0.776,0.83,0.771,90741400,73143287
117,sz159841,证券ETF,0.788,0.043,5.772,0.787,0.788,0.745,0.738,0.791,0.735,274229698,209764647
118,sz159840,锂电池ETF,0.402,0.025,6.631,0.402,0.403,0.377,0.371,0.403,0.371,218733701,85525391
119,sz159839,生物药ETF,0.358,0.027,8.157,0.357,0.358,0.331,0.325,0.358,0.322,109032200,37572484
120,sz159838,医药50ETF,0.552,0.04,7.813,0.552,0.553,0.512,0.514,0.553,0.514,23885900,12904179
121,sz159837,生物科技ETF,0.444,0.036,8.824,0.443,0.444,0.408,0.406,0.446,0.404,88806003,38168457
122,sz159836,创300ETF,0.596,0.033,5.861,0.596,0.597,0.563,0.562,0.598,0.55,3722400,2157233
123,sz159835,创新药50ETF,0.517,0.037,7.708,0.517,0.518,0.48,0.477,0.52,0.477,6696697,3394175
124,sz159834,金ETF,4.846,-0.011,-0.226,4.845,4.846,4.857,4.858,4.858,4.844,637800,3092946
125,sz159831,上海金ETF基金,4.702,-0.01,-0.212,4.701,4.702,4.712,4.708,4.708,4.701,899600,4231030
126,sz159830,上海金ETF,4.525,-0.009,-0.199,4.525,4.533,4.534,4.534,4.562,4.522,925500,4193842
127,sz159828,医疗ETF,0.419,0.03,7.712,0.418,0.419,0.389,0.386,0.419,0.385,212047949,86020409
128,sz159827,农业50ETF,0.68,0.022,3.343,0.68,0.681,0.658,0.653,0.683,0.647,4545000,3029148
129,sz159825,农业ETF,0.644,0.024,3.871,0.643,0.644,0.62,0.615,0.646,0.611,68929100,43516818
130,sz159824,新能车ETF,0.652,0.038,6.189,0.651,0.652,0.614,0.609,0.652,0.608,23658800,14992104
131,sz159823,H股ETF基金,0.595,0.022,3.839,0.596,0.597,0.573,0.577,0.606,0.576,4219700,2479915
132,sz159822,新经济ETF,0.525,0.023,4.582,0.525,0.526,0.502,0.502,0.525,0.502,6574100,3387971
133,sz159821,BOCI创业板ETF,0.607,0.031,5.382,0.602,0.607,0.576,0.576,0.607,0.576,850600,504083
134,sz159820,中证500ETF天弘,0.794,0.07,9.669,0.793,0.794,0.724,0.727,0.796,0.717,38745400,29947644
135,sz159819,人工智能ETF,0.618,0.046,8.042,0.617,0.618,0.572,0.565,0.619,0.562,467045677,278540369
136,sz159816,0-4地债ETF,108.75,0.017,0.016,108.723,108.753,108.733,108.899,108.976,108.736,592400,64424090
137,sz159814,创业大盘ETF,0.311,0.016,5.424,0.31,0.311,0.295,0.292,0.312,0.29,198053000,60113341
138,sz159813,半导体ETF,0.485,0.03,6.593,0.484,0.485,0.455,0.451,0.485,0.449,359748461,169352839
139,sz159812,黄金基金ETF,4.628,-0.006,-0.129,4.627,4.649,4.634,4.642,4.642,4.628,50700,234895
140,sz159811,5G50ETF,0.85,0.043,5.328,0.849,0.85,0.807,0.802,0.85,0.799,7865300,6500418
141,sz159810,浦银创业板ETF,0.665,0.039,6.23,0.665,0.666,0.626,0.621,0.666,0.61,7435700,4755907
142,sz159808,创100ETF融通,0.624,0.032,5.405,0.624,0.625,0.592,0.587,0.626,0.581,10630400,6477774
143,sz159807,科技ETF,0.412,0.021,5.371,0.412,0.413,0.391,0.39,0.414,0.388,50875794,20595641
144,sz159806,新能源车ETF,0.429,0.025,6.188,0.428,0.429,0.404,0.402,0.429,0.399,93876963,39100364
145,sz159805,传媒ETF,0.855,0.049,6.079,0.855,0.856,0.806,0.785,0.862,0.781,27997700,23169901
146,sz159804,创中盘88ETF,0.845,0.073,9.456,0.845,0.847,0.772,0.773,0.852,0.77,839803,698823
147,sz159801,芯片ETF龙头,0.374,0.021,5.949,0.374,0.375,0.353,0.351,0.376,0.348,101628514,37105668
148,sz159798,消费50ETF,0.87,0.025,2.959,0.868,0.87,0.845,0.84,0.871,0.837,13785200,11919336
149,sz159797,医疗器械ETF基金,0.77,0.049,6.796,0.77,0.771,0.721,0.739,0.773,0.716,3202200,2402344
150,sz159796,电池50ETF,0.476,0.034,7.692,0.474,0.476,0.442,0.432,0.476,0.432,85854105,39056007
151,sz159795,智能车ETF基金,0.623,0.035,5.952,0.623,0.624,0.588,0.583,0.624,0.577,7425500,4473564
152,sz159793,线上消费ETF平安,0.591,0.027,4.787,0.59,0.591,0.564,0.559,0.595,0.559,247200,144966
153,sz159792,港股通互联网ETF,0.464,0.026,5.936,0.463,0.464,0.438,0.437,0.464,0.437,1070900411,483432100
154,sz159791,300ESGETF,0.773,0.019,2.52,0.765,0.781,0.754,0.753,0.828,0.753,6032900,4618204
155,sz159790,碳中和ETF,0.507,0.022,4.536,0.506,0.507,0.485,0.482,0.507,0.482,85053808,42457719
156,sz159788,港股通100ETF,0.786,0.026,3.421,0.785,0.786,0.76,0.765,0.787,0.762,7176800,5575368
157,sz159787,建材ETF易方达,0.604,0.02,3.425,0.604,0.606,0.584,0.581,0.609,0.574,5384000,3188102
158,sz159786,VRETF,0.6,0.037,6.572,0.6,0.601,0.563,0.556,0.6,0.556,15982500,9340411
159,sz159783,科创创业50ETF,0.438,0.023,5.542,0.437,0.438,0.415,0.413,0.438,0.411,234231474,100330318
160,sz159782,双创50ETF基金,0.435,0.02,4.819,0.434,0.435,0.415,0.414,0.438,0.41,24589512,10490263
161,sz159781,科创创业ETF,0.432,0.02,4.854,0.432,0.433,0.412,0.41,0.433,0.407,292710589,123952387
162,sz159780,双创ETF,0.435,0.017,4.067,0.435,0.436,0.418,0.412,0.436,0.41,143892282,61419790
163,sz159779,消费电子ETF基金,0.51,0.026,5.372,0.508,0.51,0.484,0.48,0.51,0.48,8812502,4389554
164,sz159778,工业互联ETF,0.603,0.03,5.236,0.603,0.604,0.573,0.568,0.603,0.567,6210900,3711046
165,sz159777,创科技ETF,0.552,0.021,3.955,0.54,0.553,0.531,0.519,0.552,0.519,1359500,733024
166,sz159776,港股通医药ETF,0.73,0.047,6.881,0.729,0.73,0.683,0.68,0.73,0.675,60885800,42861435
167,sz159775,新能源车电池ETF,0.427,0.025,6.219,0.426,0.427,0.402,0.401,0.427,0.398,11171000,4671208
168,sz159773,创业板科技ETF,0.574,0.04,7.491,0.574,0.575,0.534,0.529,0.575,0.529,8096100,4520745
169,sz159770,机器人ETF,0.603,0.033,5.789,0.603,0.604,0.57,0.56,0.605,0.553,23874300,13831179
170,sz159769,消费电子龙头ETF,0.588,0.034,6.137,0.587,0.588,0.554,0.549,0.588,0.549,2345900,1345303
171,sz159768,房地产ETF,0.538,0.024,4.669,0.537,0.538,0.514,0.514,0.539,0.501,27485100,14222163
172,sz159767,电池龙头ETF,0.412,0.024,6.186,0.409,0.412,0.388,0.388,0.412,0.385,6781001,2733031
173,sz159766,旅游ETF,0.661,0.028,4.423,0.66,0.661,0.633,0.625,0.665,0.617,148215100,94680405
174,sz159763,新材料ETF基金,0.413,0.02,5.089,0.412,0.413,0.393,0.391,0.416,0.373,3865601,1549759
175,sz159761,新材料50ETF,0.427,0.023,5.693,0.427,0.428,0.404,0.404,0.427,0.4,24592103,10242173
176,sz159760,泰康公卫健康ETF,0.577,0.038,7.05,0.571,0.577,0.539,0.546,0.579,0.544,8464466,4735645
177,sz159758,红利50ETF,0.81,0.042,5.469,0.807,0.81,0.768,0.767,0.81,0.766,8661800,6794104
178,sz159757,电池30ETF,0.413,0.024,6.17,0.413,0.414,0.389,0.387,0.414,0.385,53254505,21334793
179,sz159755,电池ETF,0.505,0.032,6.765,0.505,0.506,0.473,0.469,0.506,0.465,190769513,93481121
180,sz159752,新能源龙头ETF,0.432,0.024,5.882,0.431,0.432,0.408,0.405,0.432,0.403,26771600,11299803
181,sz159751,港股科技ETF,0.542,0.03,5.859,0.541,0.542,0.512,0.515,0.542,0.512,59541300,31433411
182,sz159750,香港科技50ETF,0.588,0.032,5.755,0.587,0.588,0.556,0.558,0.589,0.558,48789800,27974493
183,sz159748,沪港深创新药ETF,0.5,0.034,7.296,0.5,0.501,0.466,0.463,0.502,0.463,18979400,9229940
184,sz159747,香港科技ETF,0.809,0.046,6.029,0.808,0.809,0.763,0.765,0.809,0.765,131587004,103788995
185,sz159745,建材ETF,0.551,0.024,4.554,0.551,0.552,0.527,0.527,0.554,0.517,101894700,54556265
186,sz159743,湖北ETF,0.627,0.018,2.956,0.628,0.633,0.609,0.603,0.67,0.588,7680900,4653732
187,sz159742,恒生科技指数ETF,0.442,0.027,6.506,0.441,0.442,0.415,0.415,0.442,0.415,577395001,248270912
188,sz159741,恒生科技ETF基金,0.432,0.026,6.404,0.431,0.432,0.406,0.407,0.432,0.407,328172204,137544602
189,sz159740,恒生科技ETF,0.431,0.025,6.158,0.43,0.431,0.406,0.407,0.432,0.407,1904145000,799441093
190,sz159739,大数据ETF,0.703,0.064,10.016,0.703,0.0,0.639,0.646,0.703,0.63,25180000,16958621
191,sz159738,云计算ETF沪港深,0.7,0.045,6.87,0.699,0.7,0.655,0.65,0.703,0.65,9642500,6579771
192,sz159736,饮食ETF,0.696,0.028,4.192,0.694,0.696,0.668,0.661,0.697,0.661,30740500,21031705
193,sz159735,港股消费ETF,0.484,0.019,4.086,0.484,0.485,0.465,0.461,0.485,0.461,27902200,13322708
194,sz159733,消费电子50ETF,0.571,0.031,5.741,0.572,0.575,0.54,0.535,0.571,0.534,9748013,5401637
195,sz159732,消费电子ETF,0.553,0.032,6.142,0.553,0.554,0.521,0.52,0.553,0.513,74290682,39940840
196,sz159731,石化ETF,0.619,0.024,4.034,0.619,0.622,0.595,0.583,0.623,0.583,1708900,1052145
197,sz159730,龙头家电ETF,0.799,0.018,2.305,0.801,0.803,0.781,0.781,0.809,0.781,8152900,6520260
198,sz159729,互联网ETF,0.49,0.029,6.291,0.49,0.492,0.461,0.454,0.491,0.454,2022001,970191
199,sz159728,在线消费ETF,0.608,0.034,5.923,0.608,0.609,0.574,0.571,0.612,0.559,8789100,5184212
200,sz159726,恒生红利ETF,0.832,0.02,2.463,0.831,0.832,0.812,0.814,0.832,0.805,17381300,14278329
201,sz159725,线上消费ETF,0.595,0.04,7.207,0.595,0.596,0.555,0.55,0.611,0.526,4600400,2618365
202,sz159723,科技龙头ETF,0.558,0.028,5.283,0.559,0.56,0.53,0.53,0.56,0.53,8223908,4517524
203,sz159721,深创龙头ETF,0.573,0.029,5.331,0.572,0.573,0.544,0.539,0.573,0.539,6894812,3897282
204,sz159720,智能电车ETF泰康,0.477,0.022,4.835,0.472,0.477,0.455,0.454,0.477,0.454,13138000,6140004
205,sz159719,国企共赢ETF,1.329,0.0,0.0,1.328,1.329,1.329,1.315,1.345,1.315,29635100,39412472
206,sz159718,港股医药ETF,0.552,0.032,6.154,0.551,0.552,0.52,0.518,0.552,0.513,69426100,37203566
207,sz159717,ESG300ETF,0.746,0.027,3.755,0.748,0.749,0.719,0.716,0.78,0.697,8069400,5958928
208,sz159716,深创100ETF,0.586,0.029,5.206,0.586,0.587,0.557,0.557,0.586,0.557,3233203,1859949
209,sz159715,稀土ETF易方达,0.493,0.033,7.174,0.493,0.494,0.46,0.459,0.494,0.453,29180700,14064651
210,sz159713,稀土ETF,0.545,0.036,7.073,0.545,0.546,0.509,0.504,0.549,0.501,27151600,14334130
211,sz159712,港股通50ETF,0.768,0.024,3.226,0.769,0.771,0.744,0.749,0.768,0.749,1907706,1449666
212,sz159711,港股通ETF,0.821,0.025,3.141,0.816,0.821,0.796,0.796,0.828,0.796,1368700,1108927
213,sz159709,物联网ETF工银,0.65,0.03,4.839,0.65,0.653,0.62,0.621,0.653,0.621,416301,269457
214,sz159708,红利ETF,0.689,0.024,3.609,0.687,0.689,0.665,0.665,0.689,0.662,36826300,25033085
215,sz159707,地产ETF,0.588,0.024,4.255,0.587,0.588,0.564,0.552,0.591,0.549,40318848,23024511
216,sz159706,深证100ETF华安,0.578,0.028,5.091,0.578,0.583,0.55,0.552,0.58,0.552,8988200,5079369
217,sz159703,新材料ETF,0.518,0.028,5.714,0.518,0.52,0.49,0.491,0.522,0.491,9257201,4692819
218,sz159701,物联网ETF招商,0.589,0.024,4.248,0.585,0.59,0.565,0.56,0.59,0.559,9146900,5287986
219,sz159699,恒生消费ETF,0.805,0.026,3.338,0.805,0.806,0.779,0.781,0.808,0.781,33101903,26422066
220,sz159698,粮食ETF,0.778,0.038,5.135,0.778,0.782,0.74,0.732,0.785,0.723,9618332,7326036
221,sz159697,油气ETF,0.903,0.015,1.689,0.904,0.905,0.888,0.888,0.911,0.875,7313000,6532928
222,sz159696,纳指ETF易方达,1.189,-0.009,-0.751,1.188,1.189,1.198,1.192,1.192,1.186,9168373,10902224
223,sz159695,通信ETF,0.84,0.034,4.218,0.84,0.841,0.806,0.805,0.848,0.796,5409600,4440752
224,sz159693,有色矿业ETF,0.931,0.05,5.675,0.933,0.935,0.881,0.88,0.934,0.88,3956500,3599638
225,sz159692,证券ETF东财,0.938,0.045,5.039,0.929,0.938,0.893,0.89,0.942,0.884,11012500,10135723
226,sz159691,港股红利ETF,0.994,0.023,2.369,0.993,0.994,0.971,0.972,0.996,0.97,44597529,43987201
227,sz159690,矿业ETF,0.819,0.037,4.731,0.819,0.82,0.782,0.787,0.823,0.787,318100,259302
228,sz159689,消费ETF南方,0.77,0.029,3.914,0.769,0.771,0.741,0.739,0.771,0.739,6806600,5194274
229,sz159688,恒生互联网ETF,0.662,0.039,6.26,0.661,0.662,0.623,0.625,0.663,0.625,291071282,187959284
230,sz159687,亚太低碳ETF,1.104,0.002,0.181,1.104,1.105,1.102,1.1,1.107,1.094,5933601,6538136
231,sz159686,中证100ETF易方达,0.849,0.021,2.536,0.849,0.85,0.828,0.827,0.849,0.827,421900,354873
232,sz159685,1000增强ETF天弘,0.689,0.039,6.0,0.687,0.696,0.65,0.644,0.703,0.633,18748700,12373264
233,sz159683,运输ETF,0.853,0.025,3.019,0.853,0.856,0.828,0.821,0.855,0.82,6263700,5242254
234,sz159682,创业50ETF,0.68,0.042,6.583,0.68,0.681,0.638,0.626,0.68,0.626,358928216,237414151
235,sz159681,创50ETF,0.688,0.038,5.846,0.688,0.689,0.65,0.643,0.69,0.636,40275200,26820805
236,sz159680,1000ETF增强,0.78,0.046,6.267,0.779,0.78,0.734,0.725,0.788,0.708,26999000,20117522
237,sz159679,中证1000增强ETF,0.7,0.034,5.105,0.699,0.7,0.666,0.66,0.733,0.636,22510868,15145295
238,sz159678,中证500增强ETF,0.81,0.052,6.86,0.81,0.811,0.758,0.739,0.811,0.739,13803301,10730723
239,sz159677,1000增强ETF,0.769,0.036,4.911,0.768,0.769,0.733,0.738,0.778,0.709,73103100,54025942
240,sz159676,创业板ETF增强,0.696,0.037,5.615,0.696,0.697,0.659,0.652,0.698,0.638,25403200,17237618
241,sz159675,创业板增强ETF,0.69,0.042,6.481,0.69,0.691,0.648,0.642,0.691,0.64,23058200,15582606
242,sz159673,鹏华沪深300ETF,0.862,0.021,2.497,0.864,0.866,0.841,0.84,0.863,0.832,8416000,7176571
243,sz159672,主要消费ETF,0.772,0.029,3.903,0.771,0.772,0.743,0.75,0.772,0.75,11410201,8716192
244,sz159671,稀有金属ETF基金,0.579,0.041,7.621,0.577,0.579,0.538,0.535,0.581,0.528,51827323,29044833
245,sz159670,消费ETF基金,0.893,0.024,2.762,0.893,0.894,0.869,0.875,0.895,0.875,9577300,8507742
246,sz159669,绿电ETF,0.928,0.024,2.655,0.928,0.93,0.904,0.898,0.931,0.898,12177400,11160013
247,sz159667,工业母机ETF,0.733,0.047,6.851,0.733,0.734,0.686,0.677,0.736,0.669,45738165,32202928
248,sz159666,交通运输ETF,0.829,0.021,2.599,0.827,0.829,0.808,0.803,0.83,0.794,3637701,2971675
249,sz159665,半导体龙头ETF,0.759,0.043,6.006,0.759,0.76,0.716,0.715,0.761,0.704,21913120,16182086
250,sz159663,机床ETF,0.735,0.031,4.403,0.735,0.736,0.704,0.697,0.741,0.673,29862100,21091107
251,sz159662,交运ETF,0.867,0.027,3.214,0.867,0.87,0.84,0.831,0.871,0.831,15850700,13434227
252,sz159661,中证100指数ETF,0.945,0.029,3.166,0.945,0.947,0.916,0.915,0.945,0.915,6740905,6294423
253,sz159660,纳指100ETF,1.383,-0.002,-0.144,1.383,1.384,1.385,1.386,1.386,1.38,13045900,18039957
254,sz159659,纳斯达克100ETF,1.355,0.001,0.074,1.355,1.356,1.354,1.352,1.356,1.35,42529700,57543946
255,sz159658,数字经济ETF,0.806,0.046,6.053,0.805,0.806,0.76,0.755,0.807,0.75,27564702,21634370
256,sz159657,生物疫苗ETF,0.707,0.053,8.104,0.705,0.707,0.654,0.647,0.707,0.647,4521551,3099832
257,sz159656,300成长ETF,0.691,0.03,4.539,0.691,0.692,0.661,0.661,0.691,0.656,16396400,11075300
258,sz159655,标普ETF,1.301,-0.02,-1.514,1.301,1.302,1.321,1.314,1.317,1.295,60788900,79062885
259,sz159653,ESG300ETF,0.837,0.03,3.717,0.833,0.834,0.807,0.815,0.837,0.799,996300,817575
260,sz159652,有色50ETF,0.719,0.038,5.58,0.716,0.719,0.681,0.68,0.721,0.677,7688733,5403050
261,sz159651,国开债券ETF,102.8,-0.054,-0.053,102.8,102.801,102.854,102.851,102.851,102.787,6490790,667321793
262,sz159650,国开ETF,102.95,-0.038,-0.037,102.963,102.975,102.988,102.987,102.993,102.949,15660200,1612738777
263,sz159649,国开债ETF,103.619,-0.074,-0.071,103.617,103.619,103.693,103.693,103.697,103.615,8748500,906819195
264,sz159647,中药ETF,0.959,0.058,6.437,0.959,0.96,0.901,0.9,0.966,0.89,48709361,45254997
265,sz159646,疫苗ETF基金,0.672,0.048,7.692,0.671,0.672,0.624,0.617,0.672,0.616,5191600,3395121
266,sz159645,疫苗指数ETF,0.747,0.055,7.948,0.746,0.747,0.692,0.683,0.747,0.683,3971900,2850847
267,sz159643,疫苗ETF,0.662,0.049,7.993,0.662,0.663,0.613,0.607,0.662,0.604,11592006,7440435
268,sz159642,碳中和100ETF,0.642,0.023,3.716,0.642,0.643,0.619,0.626,0.643,0.626,10898700,6912875
269,sz159641,双碳ETF,0.647,0.024,3.852,0.641,0.647,0.623,0.612,0.647,0.612,33816613,21611893
270,sz159640,碳中和龙头ETF,0.626,0.021,3.471,0.625,0.627,0.605,0.602,0.628,0.602,17755918,11030913
271,sz159639,碳中和ETF南方,0.63,0.025,4.132,0.629,0.63,0.605,0.605,0.631,0.602,28785036,17880955
272,sz159638,高端装备ETF,0.595,0.039,7.014,0.595,0.596,0.556,0.548,0.598,0.546,73759012,42499579
273,sz159637,新能源车龙头ETF,0.485,0.027,5.895,0.484,0.485,0.458,0.455,0.486,0.453,54538900,25848243
274,sz159636,港股通科技30ETF,0.628,0.042,7.167,0.627,0.628,0.586,0.589,0.628,0.587,172711300,105191959
275,sz159635,基建50ETF,0.894,0.029,3.353,0.894,0.902,0.865,0.85,0.902,0.848,17592605,15426182
276,sz159633,中证1000指数ETF,1.854,0.149,8.739,1.854,1.855,1.705,1.68,1.865,1.675,194785560,343722267
277,sz159632,纳斯达克ETF,1.463,-0.001,-0.068,1.463,1.464,1.464,1.464,1.465,1.461,99649200,145791165
278,sz159631,中证100ETF招商,0.811,0.024,3.05,0.809,0.811,0.787,0.784,0.811,0.784,21501702,17237657
279,sz159630,中证100ETF基金,0.912,0.028,3.167,0.914,0.916,0.884,0.891,0.913,0.891,8157400,7375720
280,sz159629,1000ETF,1.862,0.138,8.005,1.862,1.863,1.724,1.7,1.876,1.683,555149946,977617963
281,sz159628,国证2000ETF,0.721,0.041,6.029,0.72,0.721,0.68,0.667,0.734,0.658,323571901,224104745
282,sz159627,A100ETF,0.871,0.022,2.591,0.874,0.876,0.849,0.85,0.875,0.85,3898200,3381910
283,sz159625,绿色电力ETF,1.011,0.025,2.535,1.01,1.011,0.986,0.963,1.016,0.963,24009701,23964537
284,sz159623,成渝经济圈ETF,0.689,0.042,6.491,0.685,0.689,0.647,0.651,0.693,0.65,11844801,7929161
285,sz159622,创新药ETF沪港深,0.736,0.058,8.555,0.735,0.736,0.678,0.678,0.738,0.666,10998300,7813094
286,sz159621,MSCIESGETF,0.811,0.027,3.444,0.812,0.815,0.784,0.789,0.812,0.787,11341207,9153614
287,sz159620,500成长ETF,0.761,0.052,7.334,0.758,0.761,0.709,0.72,0.761,0.72,1243000,925460
288,sz159619,基建ETF,0.84,0.029,3.576,0.84,0.842,0.811,0.805,0.847,0.8,37930400,31276137
289,sz159618,光伏ETF指数基金,0.612,0.026,4.437,0.612,0.613,0.586,0.584,0.614,0.57,7177800,4267074
290,sz159617,500价值ETF,0.991,0.06,6.445,0.989,0.991,0.931,0.92,0.991,0.92,3889305,3753812
291,sz159616,农牧ETF,0.635,0.03,4.959,0.635,0.636,0.605,0.591,0.638,0.591,12005013,7422546
292,sz159615,恒生生物科技ETF,0.623,0.037,6.314,0.622,0.623,0.586,0.587,0.625,0.58,149134500,89975395
293,sz159613,信息安全ETF,0.595,0.027,4.754,0.595,0.596,0.568,0.56,0.6,0.55,10141700,5794733
294,sz159612,标普500ETF,1.346,0.004,0.298,1.345,1.346,1.342,1.34,1.349,1.33,35070000,46922423
295,sz159611,电力ETF,0.889,0.024,2.775,0.888,0.889,0.865,0.866,0.892,0.862,62194903,54538454
296,sz159610,500ETF增强,0.691,0.041,6.308,0.69,0.691,0.65,0.654,0.691,0.638,77542817,51426333
297,sz159609,光伏龙头ETF,0.446,0.027,6.444,0.445,0.446,0.419,0.417,0.446,0.413,38582501,16775164
298,sz159608,稀有金属ETF,0.468,0.033,7.586,0.467,0.468,0.435,0.433,0.47,0.432,31585400,14347650
299,sz159607,中概互联网ETF,0.686,0.031,4.733,0.685,0.686,0.655,0.654,0.686,0.654,830592609,557953610
300,sz159606,中证500成长ETF,0.728,0.045,6.589,0.727,0.728,0.683,0.682,0.73,0.675,14552001,10293982
301,sz159605,中概互联ETF,0.691,0.029,4.381,0.691,0.692,0.662,0.662,0.692,0.661,2886930744,1957421439
302,sz159603,双创龙头ETF,0.671,0.029,4.517,0.671,0.672,0.642,0.636,0.671,0.636,5752600,3783013
303,sz159602,中国A50ETF,0.669,0.022,3.4,0.669,0.67,0.647,0.644,0.671,0.643,38346304,25356778
304,sz159601,A50ETF,0.671,0.023,3.549,0.67,0.671,0.648,0.645,0.672,0.643,187980903,124564246
305,sz159576,深证100ETF广发,0.954,0.041,4.491,0.952,0.954,0.913,0.912,0.954,0.912,9410237,8862792
306,sz159575,创业板200ETF银华,0.757,0.055,7.835,0.757,0.758,0.702,0.695,0.769,0.684,10409129,7581828
307,sz159573,创业板200ETF华夏,0.735,0.056,8.247,0.733,0.735,0.679,0.66,0.742,0.66,37791333,26739124
308,sz159572,创业板200ETF易方达,0.741,0.061,8.971,0.741,0.743,0.68,0.663,0.748,0.663,13737410,9767331
309,sz159571,创业板200ETF富国,0.757,0.056,7.989,0.756,0.757,0.701,0.71,0.766,0.684,4252902,3085976
310,sz159570,港股通创新药ETF,0.836,0.057,7.317,0.835,0.836,0.779,0.779,0.838,0.771,94551449,77066278
311,sz159567,港股创新药ETF,0.837,0.056,7.17,0.837,0.839,0.781,0.777,0.845,0.777,158839506,130172217
312,sz159562,黄金股ETF,0.985,0.031,3.249,0.975,0.985,0.954,0.934,0.985,0.934,980324,946469
313,sz159560,芯片50ETF,0.72,0.047,6.984,0.72,0.726,0.673,0.678,0.727,0.67,17294571,12238838
314,sz159559,机器人ETF基金,0.794,0.038,5.026,0.793,0.794,0.756,0.758,0.796,0.747,4909900,3796848
315,sz159556,中证2000ETF增强,0.695,0.017,2.507,0.694,0.695,0.678,0.678,0.71,0.631,30687122,20259501
316,sz159555,2000增强ETF,0.694,0.001,0.144,0.694,0.698,0.693,0.678,0.734,0.624,26042706,17204826
317,sz159551,机器人产业ETF,0.76,0.039,5.409,0.76,0.761,0.721,0.719,0.768,0.704,7367920,5469577
318,sz159549,红利低波动ETF,0.99,0.036,3.774,0.988,0.99,0.954,0.954,0.993,0.937,2273601,2225712
319,sz159547,红利低波50ETF,0.998,0.009,0.91,0.998,0.999,0.989,0.98,1.0,0.972,162091125,159941665
320,sz159546,集成电路ETF,0.762,0.047,6.573,0.758,0.762,0.715,0.708,0.765,0.704,7673000,5527376
321,sz159543,国证2000ETF基金,0.731,0.031,4.429,0.719,0.72,0.7,0.658,0.731,0.658,2580400,1784539
322,sz159541,创业板综ETF万家,0.792,0.043,5.741,0.79,0.792,0.749,0.75,0.798,0.732,23973315,18229699
323,sz159540,信创ETF指数,0.75,0.031,4.312,0.742,0.758,0.719,0.706,0.752,0.705,3848900,2821312
324,sz159539,信创50ETF,0.738,0.041,5.882,0.738,0.739,0.697,0.691,0.744,0.691,4190700,3047447
325,sz159538,信创指数ETF,0.749,0.041,5.791,0.749,0.75,0.708,0.701,0.754,0.701,9529100,6992124
326,sz159537,信创ETF,0.74,0.04,5.714,0.732,0.746,0.7,0.693,0.741,0.685,11051600,7963621
327,sz159536,中证2000ETF添富,0.711,0.018,2.597,0.71,0.711,0.693,0.67,0.73,0.649,54012701,37045978
328,sz159535,中证2000ETF指数,0.739,0.018,2.497,0.739,0.744,0.721,0.719,0.751,0.671,31473700,22312395
329,sz159532,中证2000指数ETF,0.727,0.018,2.539,0.726,0.727,0.709,0.706,0.748,0.664,24314109,16960240
330,sz159531,中证2000ETF,0.703,0.018,2.628,0.703,0.704,0.685,0.66,0.73,0.63,118383500,80558648
331,sz159530,机器人100ETF,0.87,0.06,7.407,0.869,0.87,0.81,0.81,0.876,0.806,13181425,11176913
332,sz159529,标普消费ETF,1.009,-0.014,-1.369,1.009,1.01,1.023,1.01,1.014,1.006,39872359,40256912
333,sz159527,数据ETF,0.945,0.067,7.631,0.94,0.945,0.878,0.858,0.945,0.858,16182012,14607880
334,sz159523,沪深300成长ETF,0.85,0.035,4.294,0.851,0.852,0.815,0.81,0.852,0.808,3064000,2554740
335,sz159522,2000ETF基金,0.738,0.03,4.237,0.739,0.74,0.708,0.701,0.752,0.682,5240600,3826231
336,sz159521,2000指数ETF,0.765,0.042,5.809,0.763,0.765,0.723,0.718,0.774,0.697,40154800,29328785
337,sz159520,消费龙头ETF,0.952,0.059,6.607,0.939,0.955,0.893,0.91,0.952,0.91,3773523,3552797
338,sz159519,港股国企ETF,1.013,0.028,2.843,1.012,1.013,0.985,0.98,1.016,0.98,38743307,38864501
339,sz159518,标普油气ETF,0.907,-0.005,-0.548,0.906,0.907,0.912,0.908,0.91,0.905,9371202,8489636
340,sz159517,800增强ETF,0.874,0.031,3.677,0.872,0.874,0.843,0.845,0.875,0.841,5369907,4601863
341,sz159516,半导体设备ETF,0.713,0.045,6.737,0.712,0.713,0.668,0.661,0.713,0.657,86743321,59357762
342,sz159515,国企红利ETF,0.961,0.02,2.125,0.956,0.961,0.941,0.932,0.971,0.916,3158202,2996923
343,sz159513,纳斯达克100指数ETF,1.078,0.0,0.0,1.077,1.078,1.078,1.077,1.079,1.074,41118100,44270214
344,sz159512,汽车ETF,0.907,0.043,4.977,0.906,0.907,0.864,0.863,0.913,0.852,10020200,8852111
345,sz159511,通信ETF基金,0.788,0.038,5.067,0.786,0.788,0.75,0.75,0.788,0.75,5037914,3831127
346,sz159510,沪深300价值ETF,0.888,0.022,2.54,0.885,0.888,0.866,0.865,0.888,0.856,11586197,10171663
347,sz159509,纳指科技ETF,1.23,0.018,1.485,1.23,1.231,1.212,1.217,1.234,1.216,780459424,956432859
348,sz159508,生物医药ETF基金,0.816,0.068,9.091,0.816,0.817,0.748,0.748,0.816,0.741,4688005,3642921
349,sz159507,电信ETF,0.77,0.034,4.62,0.771,0.772,0.736,0.73,0.775,0.725,12199200,9133516
350,sz159506,恒生医疗ETF,0.757,0.047,6.62,0.756,0.757,0.71,0.711,0.757,0.704,184670700,135686493
351,sz159505,国证2000指数ETF,0.744,0.032,4.494,0.744,0.75,0.712,0.705,0.759,0.67,4774515,3433983
352,sz159503,财富管理ETF,0.974,0.035,3.727,0.974,0.98,0.939,0.93,0.978,0.929,7679000,7348355
353,sz159502,标普生物科技ETF,0.962,0.008,0.839,0.961,0.962,0.954,0.96,0.962,0.952,42154583,40398759
354,sz159501,纳斯达克指数ETF,1.198,0.002,0.167,1.197,1.198,1.196,1.195,1.198,1.194,62916200,75230907
355,sz159350,深证50ETF富国,0.945,0.038,4.19,0.944,0.945,0.907,0.907,0.945,0.9,88177202,82151417
356,sz159150,深证50ETF易方达,0.945,0.036,3.96,0.945,0.946,0.909,0.908,0.946,0.9,49294003,45925304
357,sz159005,汇添富快钱ETF,100.0,0.0,0.0,99.998,99.999,100.0,100.0,100.0,99.999,112792,11279128
358,sz159003,招商快线ETF,100.001,0.001,0.001,99.999,100.001,100.0,100.001,100.001,99.999,107874,10787372
359,sz159001,货币ETF,99.999,-0.002,-0.002,99.999,100.0,100.001,100.0,100.001,99.998,7023450,702341417
360,sh588900,科创100ETF南方,0.725,0.061,9.187,0.724,0.725,0.664,0.659,0.725,0.646,83707500,58107982
361,sh588880,科创100ETF指数,0.699,0.059,9.219,0.698,0.699,0.64,0.63,0.699,0.62,65574200,43220461
362,sh588800,科创100ETF华夏,0.696,0.061,9.606,0.695,0.696,0.635,0.621,0.699,0.619,1207163100,791572208
363,sh588700,科创生物医药ETF,0.841,0.069,8.938,0.836,0.842,0.772,0.765,0.841,0.762,9236100,7466732
364,sh588460,科创50增强ETF,0.755,0.046,6.488,0.754,0.755,0.709,0.707,0.755,0.695,50479500,37076567
365,sh588400,科创创业指数ETF,0.442,0.023,5.489,0.441,0.442,0.419,0.418,0.443,0.417,136585400,58950880
366,sh588390,科创创业50ETF,0.48,0.027,5.96,0.478,0.48,0.453,0.452,0.48,0.452,29644600,13909307
367,sh588380,双创50ETF,0.445,0.022,5.201,0.444,0.445,0.423,0.42,0.445,0.418,113726600,49388548
368,sh588370,科创50增强策略ETF,0.705,0.036,5.381,0.704,0.705,0.669,0.654,0.705,0.654,56834000,38626984
369,sh588360,科创创业ETF,0.466,0.019,4.251,0.465,0.466,0.447,0.448,0.466,0.439,63413328,28953919
370,sh588350,双创50ETF基金,0.672,0.03,4.673,0.671,0.672,0.642,0.632,0.672,0.632,9392600,6204478
371,sh588330,双创龙头ETF,0.443,0.02,4.728,0.443,0.444,0.423,0.419,0.445,0.419,71912400,31211380
372,sh588320,双创50增强ETF,0.689,0.031,4.711,0.686,0.695,0.658,0.662,0.689,0.662,573200,389685
373,sh588310,双创ETF基金,0.492,0.023,4.904,0.491,0.492,0.469,0.465,0.494,0.45,1293600,632565
374,sh588300,双创ETF,0.445,0.021,4.953,0.444,0.445,0.424,0.421,0.445,0.415,89440600,38889608
375,sh588290,科创芯片ETF基金,0.848,0.06,7.614,0.848,0.849,0.788,0.774,0.849,0.77,110502500,89401250
376,sh588280,科创50ETF指数基金,0.522,0.034,6.967,0.521,0.522,0.488,0.486,0.522,0.482,36130300,18281482
377,sh588260,科创信息ETF,0.831,0.057,7.364,0.83,0.831,0.774,0.774,0.831,0.764,22132800,17684218
378,sh588220,科创100ETF基金,0.726,0.062,9.337,0.725,0.726,0.664,0.653,0.728,0.646,1352032546,930356216
379,sh588210,科创100ETF易方达,0.699,0.054,8.372,0.699,0.701,0.645,0.638,0.703,0.623,23846500,16014274
380,sh588200,科创芯片ETF,0.868,0.064,7.96,0.868,0.869,0.804,0.801,0.869,0.787,532968557,444047090
381,sh588190,科创100ETF,0.732,0.071,10.741,0.733,0.734,0.661,0.647,0.734,0.645,509411609,353788798
382,sh588180,科创50ETF基金,0.466,0.027,6.15,0.466,0.467,0.439,0.434,0.467,0.429,116547343,52337903
383,sh588160,科创材料ETF,0.472,0.029,6.546,0.472,0.473,0.443,0.44,0.477,0.422,25292500,11364934
384,sh588150,科创50ETF南方,0.505,0.031,6.54,0.505,0.506,0.474,0.47,0.506,0.466,55919700,27576405
385,sh588120,科创板100ETF,0.73,0.067,10.106,0.73,0.731,0.663,0.649,0.731,0.648,553175055,382873741
386,sh588110,科创成长ETF,0.752,0.062,8.986,0.75,0.751,0.69,0.689,0.754,0.67,48127800,33827770
387,sh588100,科创信息技术ETF,0.838,0.06,7.712,0.837,0.84,0.778,0.774,0.847,0.769,77784400,63147319
388,sh588090,科创板ETF,0.745,0.044,6.277,0.745,0.746,0.701,0.694,0.745,0.687,232260835,167161165
389,sh588080,科创板50ETF,0.739,0.046,6.638,0.739,0.74,0.693,0.685,0.74,0.681,2839367595,2018734766
390,sh588060,科创50ETF龙头,0.46,0.029,6.729,0.459,0.46,0.431,0.427,0.46,0.424,370763943,164524124
391,sh588050,科创ETF,0.742,0.044,6.304,0.742,0.743,0.698,0.692,0.743,0.685,414826722,298324450
392,sh588030,科创100指数ETF,0.727,0.068,10.319,0.726,0.727,0.659,0.648,0.728,0.644,1732023936,1197652261
393,sh588020,科创成长50ETF,0.752,0.058,8.357,0.751,0.752,0.694,0.691,0.753,0.678,26450700,18909614
394,sh588010,科创新材料ETF,0.471,0.03,6.803,0.467,0.471,0.441,0.437,0.475,0.424,33347000,14813316
395,sh588000,科创50ETF,0.757,0.048,6.77,0.756,0.757,0.709,0.7,0.757,0.696,5748190427,4200261761
396,sh563330,A股ETF,0.852,0.034,4.156,0.852,0.854,0.818,0.812,0.858,0.805,48565800,40408435
397,sh563300,中证2000ETF,0.731,0.025,3.541,0.738,0.739,0.706,0.689,0.746,0.66,593485913,420364456
398,sh563200,中证2000指数ETF,0.728,0.023,3.262,0.714,0.727,0.705,0.697,0.738,0.656,35079500,24183954
399,sh563050,央企科技50ETF,0.707,0.043,6.476,0.707,0.708,0.664,0.652,0.71,0.652,16807900,11570377
400,sh563030,中证500ETF增强,0.801,0.058,7.806,0.801,0.802,0.743,0.736,0.805,0.736,12700300,9878593
401,sh563020,红利低波动ETF,1.043,0.017,1.657,1.042,1.043,1.026,1.02,1.047,1.018,6248600,6445860
402,sh563010,电信ETF,0.848,0.025,3.038,0.846,0.848,0.823,0.821,0.855,0.82,5336200,4478133
403,sh563000,中国A50ETF,0.67,0.021,3.236,0.669,0.671,0.649,0.646,0.673,0.644,116787848,77329306
404,sh562990,碳中和100ETF,0.629,0.02,3.284,0.628,0.629,0.609,0.606,0.631,0.606,28191400,17513009
405,sh562960,绿色电力ETF,0.965,0.017,1.793,0.968,0.97,0.948,0.946,0.969,0.946,3527000,3375709
406,sh562950,消费电子50ETF,0.541,0.032,6.287,0.54,0.541,0.509,0.506,0.542,0.504,10657792,5630415
407,sh562930,软件30ETF,0.575,0.034,6.285,0.573,0.578,0.541,0.536,0.578,0.533,5418600,3006084
408,sh562920,信息安全ETF,0.63,0.034,5.705,0.624,0.63,0.596,0.596,0.634,0.591,1219300,758430
409,sh562910,高端制造ETF,0.536,0.028,5.512,0.536,0.537,0.508,0.508,0.537,0.508,7545600,3979474
410,sh562900,现代农业ETF,0.696,0.023,3.418,0.69,0.698,0.673,0.67,0.699,0.664,16954600,11480056
411,sh562880,电池ETF基金,0.417,0.023,5.838,0.412,0.417,0.394,0.385,0.418,0.381,33939900,13675548
412,sh562860,生物疫苗ETF,0.668,0.058,9.508,0.667,0.668,0.61,0.61,0.668,0.603,21536500,13985220
413,sh562850,央企能源ETF,0.963,0.017,1.797,0.954,0.964,0.946,0.94,0.968,0.94,21779161,20797646
414,sh562800,稀有金属ETF,0.422,0.03,7.653,0.422,0.423,0.392,0.388,0.423,0.388,122376222,50176655
415,sh562660,中证2000ETF华夏,0.735,0.025,3.521,0.735,0.737,0.71,0.695,0.777,0.67,22075300,15690029
416,sh562600,医疗器械ETF,0.874,0.051,6.197,0.872,0.875,0.823,0.856,0.877,0.816,663100,565245
417,sh562590,半导体材料ETF,0.753,0.045,6.356,0.748,0.753,0.708,0.695,0.753,0.695,1380900,1006299
418,sh562550,绿电ETF,0.97,0.025,2.646,0.966,0.97,0.945,0.941,0.97,0.941,547500,525540
419,sh562530,中证1000价值ETF,0.885,0.052,6.242,0.883,0.886,0.833,0.833,0.889,0.822,5714300,4825689
420,sh562520,中证1000成长ETF,0.757,0.058,8.298,0.756,0.759,0.699,0.696,0.761,0.688,11945800,8724851
421,sh562510,旅游ETF,0.67,0.03,4.688,0.669,0.67,0.64,0.635,0.672,0.625,78483300,50756583
422,sh562500,机器人ETF,0.588,0.032,5.755,0.587,0.588,0.556,0.554,0.59,0.542,76170700,42876561
423,sh562390,中药50ETF,0.951,0.056,6.257,0.952,0.956,0.895,0.891,0.958,0.886,4493300,4205279
424,sh562380,央企科技引领ETF,0.707,0.046,6.959,0.706,0.707,0.661,0.655,0.711,0.655,53192000,36821994
425,sh562360,机器人ETF基金,0.642,0.03,4.902,0.64,0.642,0.612,0.606,0.647,0.598,2622700,1636255
426,sh562350,电力指数ETF,0.944,0.017,1.834,0.943,0.952,0.927,0.931,0.946,0.926,7716900,7233362
427,sh562330,中证500价值ETF,0.91,0.06,7.059,0.86,0.91,0.85,0.842,0.91,0.842,14091500,12230720
428,sh562320,沪深300价值ETF,1.026,0.018,1.786,1.025,1.028,1.008,1.008,1.026,1.003,5364300,5439124
429,sh562310,沪深300成长ETF,0.647,0.032,5.203,0.646,0.648,0.615,0.616,0.648,0.614,36424343,23138884
430,sh562300,碳中和ETF基金,0.502,0.014,2.869,0.502,0.505,0.488,0.48,0.505,0.48,1478800,730528
431,sh562060,标普红利ETF,1.005,0.016,1.618,1.004,1.005,0.989,0.985,1.012,0.971,57086498,56305664
432,sh562030,信创ETF基金,0.684,0.038,5.882,0.66,0.685,0.646,0.618,0.684,0.618,13157200,8486808
433,sh562010,绿色能源ETF,0.61,0.027,4.631,0.61,0.611,0.583,0.57,0.61,0.57,1161800,696563
434,sh562000,中证100ETF基金,0.786,0.025,3.285,0.785,0.786,0.761,0.758,0.786,0.755,84409773,65247300
435,sh561990,沪深300增强ETF,0.701,0.024,3.545,0.698,0.701,0.677,0.676,0.701,0.672,81687200,56362372
436,sh561980,半导体设备ETF,0.8,0.055,7.383,0.796,0.8,0.745,0.745,0.801,0.721,29016600,22350630
437,sh561960,央企回报ETF,0.95,0.027,2.925,0.95,0.952,0.923,0.915,0.954,0.913,10116383,9378442
438,sh561950,500指数增强ETF,0.806,0.049,6.473,0.802,0.806,0.757,0.75,0.809,0.747,10092200,7918432
439,sh561920,疫苗龙头ETF,0.701,0.049,7.515,0.701,0.706,0.652,0.646,0.717,0.631,1823400,1189973
440,sh561910,电池ETF,0.396,0.026,7.027,0.395,0.396,0.37,0.367,0.397,0.364,70177800,26846530
441,sh561900,沪深300ESGETF,0.693,0.023,3.433,0.692,0.693,0.67,0.675,0.693,0.674,13134200,9001694
442,sh561800,稀有金属ETF基金,0.455,0.038,9.113,0.453,0.456,0.417,0.417,0.458,0.41,10049500,4435737
443,sh561790,央企现代能源ETF,0.969,0.021,2.215,0.965,0.97,0.948,0.944,0.97,0.941,38606256,36894638
444,sh561780,1000增强ETF,0.802,0.056,7.507,0.798,0.802,0.746,0.74,0.809,0.733,15484200,11878956
445,sh561710,疫苗生物ETF,0.635,0.058,10.052,0.635,0.0,0.577,0.579,0.635,0.577,10025800,6042179
446,sh561700,电力ETF基金,0.938,0.019,2.067,0.938,0.945,0.919,0.912,0.945,0.912,6416800,5991919
447,sh561600,消费电子ETF,0.552,0.033,6.358,0.549,0.552,0.519,0.518,0.552,0.514,9435200,5051480
448,sh561590,中证1000增强ETF,0.756,0.044,6.18,0.754,0.758,0.712,0.686,0.765,0.685,26640200,19039549
449,sh561580,央企红利ETF,0.988,0.02,2.066,0.988,0.989,0.968,0.96,0.991,0.957,54912047,53554589
450,sh561560,电力ETF,1.073,0.022,2.093,1.072,1.073,1.051,1.052,1.079,1.048,9091600,9652338
451,sh561550,500增强ETF,0.76,0.054,7.649,0.762,0.765,0.706,0.705,0.774,0.7,70092500,51272753
452,sh561510,中医药ETF,1.025,0.067,6.994,1.024,1.026,0.958,0.958,1.026,0.948,14819500,14780460
453,sh561500,漂亮50ETF,0.58,0.027,4.882,0.579,0.58,0.553,0.553,0.58,0.553,3968500,2290028
454,sh561370,2000ETF,0.722,0.016,2.266,0.718,0.722,0.706,0.699,0.742,0.651,8517300,5919279
455,sh561360,石油ETF,0.942,0.03,3.289,0.933,0.942,0.912,0.915,0.946,0.901,10237600,9521418
456,sh561350,国泰中证500ETF,0.726,0.056,8.358,0.725,0.728,0.67,0.665,0.729,0.664,84665600,59030631
457,sh561330,矿业ETF,0.792,0.038,5.04,0.791,0.792,0.754,0.731,0.794,0.731,3563900,2767075
458,sh561320,交运ETF,0.837,0.024,2.952,0.835,0.837,0.813,0.805,0.837,0.805,9934700,8200483
459,sh561310,消电ETF,0.526,0.03,6.048,0.526,0.528,0.496,0.493,0.527,0.492,15959228,8205485
460,sh561300,300增强ETF,0.675,0.021,3.211,0.675,0.676,0.654,0.653,0.676,0.649,116968500,77888548
461,sh561280,中证1000ETF增强,0.779,0.065,9.104,0.778,0.779,0.714,0.713,0.779,0.693,24821600,19063551
462,sh561260,能源ETF,0.965,0.021,2.225,0.963,0.968,0.944,0.94,0.969,0.938,26621603,25482038
463,sh561200,中证100ETF工银,0.985,0.033,3.466,0.983,0.985,0.952,0.958,0.985,0.958,3567500,3476021
464,sh561190,双碳ETF,0.63,0.023,3.789,0.629,0.63,0.607,0.605,0.63,0.604,29663200,18416979
465,sh561180,A100ETF,0.87,0.026,3.081,0.861,0.875,0.844,0.852,0.873,0.85,7708000,6668568
466,sh561170,绿电50ETF,0.973,0.016,1.672,0.972,0.973,0.957,0.948,0.977,0.948,9726100,9356659
467,sh561160,锂电池ETF,0.401,0.028,7.507,0.4,0.401,0.373,0.367,0.401,0.367,99885400,38610485
468,sh561130,国货ETF,0.65,0.027,4.334,0.65,0.651,0.623,0.618,0.651,0.617,30532200,19540022
469,sh561120,家电ETF,0.889,0.026,3.013,0.886,0.897,0.863,0.855,0.89,0.853,20540000,17953531
470,sh561100,消费电子龙头ETF,0.572,0.042,7.925,0.572,0.573,0.53,0.527,0.575,0.525,38996100,21554502
471,sh561060,国企红利ETF,0.962,0.018,1.907,0.961,0.964,0.944,0.94,0.968,0.898,10347600,9836472
472,sh561010,软件ETF基金,0.713,0.05,7.541,0.712,0.713,0.663,0.692,0.718,0.657,6597500,4482609
473,sh561000,沪深300ETF增强基金,0.893,0.025,2.88,0.892,0.893,0.868,0.874,0.898,0.874,11914400,10588682
474,sh560990,中金科技先锋ETF,0.676,0.037,5.79,0.674,0.677,0.639,0.635,0.676,0.635,9996800,6566382
475,sh560980,光伏30ETF,0.511,0.025,5.144,0.51,0.511,0.486,0.48,0.513,0.476,48834500,24392192
476,sh560960,碳中和60指数ETF,0.676,0.024,3.681,0.673,0.677,0.652,0.651,0.676,0.651,21616500,14454970
477,sh560950,500ETF增强,0.829,0.054,6.968,0.827,0.83,0.775,0.77,0.831,0.766,7641500,6043742
478,sh560900,创新药企ETF,0.717,0.062,9.466,0.718,0.719,0.655,0.649,0.719,0.649,9358700,6448772
479,sh560880,家电ETF龙头,1.04,0.026,2.564,1.033,1.042,1.014,1.004,1.042,1.002,12052800,12358911
480,sh560860,工业有色ETF,0.693,0.043,6.615,0.693,0.695,0.65,0.65,0.694,0.65,12916000,8805430
481,sh560800,数字经济ETF,0.506,0.027,5.637,0.505,0.506,0.479,0.471,0.507,0.47,58732900,29092763
482,sh560780,芯片设备ETF,0.776,0.041,5.578,0.775,0.776,0.735,0.728,0.778,0.722,5864000,4451096
483,sh560700,央企红利50ETF,0.921,0.019,2.106,0.921,0.922,0.902,0.886,0.927,0.886,44153626,40057278
484,sh560680,消费ETF龙头,0.884,0.033,3.878,0.884,0.885,0.851,0.847,0.884,0.847,19646400,17127957
485,sh560660,云50ETF,0.672,0.048,7.692,0.672,0.674,0.624,0.625,0.678,0.615,2129900,1407269
486,sh560650,核心50ETF,0.749,0.029,4.028,0.75,0.752,0.72,0.713,0.749,0.713,3200700,2344407
487,sh560590,1000ETF增强,0.787,0.049,6.64,0.785,0.789,0.738,0.727,0.799,0.723,1980500,1499053
488,sh560580,电力ETF南方,0.936,0.015,1.629,0.936,0.945,0.921,0.92,0.944,0.919,3954900,3682056
489,sh560560,碳中和ETF泰康,0.498,0.024,5.063,0.495,0.498,0.474,0.48,0.498,0.48,10438900,5101956
490,sh560550,碳中和ETF龙头,0.62,0.015,2.479,0.619,0.628,0.605,0.605,0.629,0.601,14035700,8668380
491,sh560500,500质量成长ETF,0.768,0.046,6.371,0.768,0.769,0.722,0.72,0.768,0.714,6121600,4558947
492,sh560330,沪深300价值ETF申万菱信,0.954,0.015,1.597,0.953,0.955,0.939,0.931,0.955,0.931,14297700,13544920
493,sh560300,电信50ETF,0.914,0.026,2.928,0.905,0.911,0.888,0.888,0.915,0.888,2895900,2622742
494,sh560280,工程机械ETF,1.003,0.04,4.154,1.003,1.004,0.963,0.963,1.007,0.963,587200,575479
495,sh560260,医疗ETF龙头,0.848,0.061,7.751,0.848,0.856,0.787,0.78,0.848,0.78,19379100,15953798
496,sh560220,中证2000ETF广发,0.724,0.017,2.405,0.724,0.731,0.707,0.7,0.75,0.671,11147800,7843834
497,sh560180,ESG300ETF,0.828,0.024,2.985,0.82,0.833,0.804,0.804,0.831,0.804,11975100,9819691
498,sh560170,央企科技ETF,0.691,0.043,6.636,0.69,0.691,0.648,0.642,0.695,0.638,139725214,93847698
499,sh560110,中证1000ETF基金,0.668,0.052,8.442,0.668,0.669,0.616,0.604,0.673,0.601,72975300,46648109
500,sh560100,中证500增强ETF,0.787,0.05,6.784,0.787,0.789,0.737,0.738,0.791,0.726,21664800,16349658
501,sh560090,证券指数ETF,0.936,0.048,5.405,0.936,0.937,0.888,0.882,0.942,0.879,16830700,15356416
502,sh560080,中药ETF,1.036,0.061,6.256,1.035,1.036,0.975,0.971,1.041,0.964,98766000,99690527
503,sh560070,央企股东回报ETF,0.922,0.027,3.017,0.922,0.924,0.895,0.888,0.927,0.887,22605119,20605001
504,sh560060,碳中和ETF,0.624,0.02,3.311,0.622,0.624,0.604,0.599,0.625,0.598,8490900,5260983
505,sh560050,MSCI中国A50ETF,0.67,0.023,3.555,0.668,0.67,0.647,0.646,0.67,0.642,420480139,277882926
506,sh560030,800价值ETF,0.981,0.011,1.134,0.981,0.982,0.97,0.939,0.985,0.939,4786200,4648869
507,sh560020,红利ETF添富,0.986,0.014,1.44,0.977,0.998,0.972,0.969,0.999,0.969,1123200,1106165
508,sh560010,中证1000ETF指数,1.843,0.122,7.089,1.841,1.843,1.721,1.701,1.863,1.678,2506978089,4391427105
509,sh560000,智慧电车ETF,0.498,0.025,5.285,0.473,0.5,0.473,0.477,0.498,0.476,2883600,1403761
510,sh518890,中银上海金ETF,4.663,0.003,0.064,4.651,4.668,4.66,4.665,4.668,4.661,280500,1308391
511,sh518880,黄金ETF,4.633,-0.01,-0.215,4.632,4.634,4.643,4.641,4.642,4.633,85748200,397643970
512,sh518860,黄金ETFAU,4.661,0.0,0.0,4.65,4.661,4.661,4.662,4.664,4.65,63600,296428
513,sh518850,黄金ETF华夏,4.659,-0.003,-0.064,4.653,4.66,4.662,4.662,4.667,4.651,2332400,10869550
514,sh518800,黄金基金ETF,4.578,-0.009,-0.196,4.578,4.58,4.587,4.591,4.595,4.578,24714119,113262895
515,sh518680,金ETF,4.625,-0.009,-0.194,4.624,4.625,4.634,4.636,4.636,4.624,1679400,7773529
516,sh518660,黄金ETF基金,4.63,-0.012,-0.259,4.629,4.63,4.642,4.6,4.652,4.6,595100,2757727
517,sh518600,上海金ETF,4.585,-0.007,-0.152,4.584,4.586,4.592,4.592,4.593,4.584,146248,670691
518,sh517990,医药ETF沪港深,0.724,0.043,6.314,0.723,0.725,0.681,0.687,0.726,0.687,3615600,2563112
519,sh517960,科技AHETF,0.721,0.037,5.409,0.705,0.752,0.684,0.673,0.721,0.673,1682100,1183289
520,sh517900,银行ETF优选,0.952,0.021,2.256,0.952,0.953,0.931,0.931,0.954,0.931,640600,604176
521,sh517880,品牌消费ETF,0.726,0.012,1.681,0.713,0.733,0.714,0.724,0.738,0.724,8419100,6155941
522,sh517850,张江ETF,0.651,0.034,5.511,0.65,0.651,0.617,0.611,0.651,0.611,2448900,1574163
523,sh517800,人工智能50ETF,0.468,0.025,5.643,0.466,0.469,0.443,0.443,0.469,0.439,11314900,5189843
524,sh517770,游戏传媒ETF,0.731,0.03,4.28,0.731,0.738,0.701,0.694,0.74,0.667,3473100,2463817
525,sh517760,消费TOPETF,0.787,0.022,2.876,0.781,0.79,0.765,0.779,0.788,0.779,132000,103636
526,sh517660,物联网沪港深ETF,0.661,0.026,4.094,0.653,0.666,0.635,0.637,0.661,0.637,14234200,9310845
527,sh517550,消费ETF沪港深,0.657,0.023,3.628,0.656,0.657,0.634,0.639,0.657,0.639,5241100,3395739
528,sh517520,黄金股ETF,0.913,0.031,3.515,0.913,0.914,0.882,0.875,0.915,0.874,9870300,8876653
529,sh517390,云计算沪港深ETF,0.658,0.043,6.992,0.644,0.657,0.615,0.607,0.658,0.607,7574800,4782691
530,sh517380,创新药沪港深ETF,0.462,0.033,7.692,0.461,0.462,0.429,0.427,0.462,0.426,28110200,12629860
531,sh517360,沪港深科技ETF,0.64,0.033,5.437,0.634,0.64,0.607,0.61,0.64,0.61,7559900,4730777
532,sh517350,中概科技ETF,0.49,0.022,4.701,0.489,0.49,0.468,0.463,0.49,0.463,2573200,1242296
533,sh517330,长江保护ETF,0.593,0.032,5.704,0.592,0.593,0.561,0.566,0.596,0.566,7277700,4202757
534,sh517300,沪港深300ETF,0.614,0.019,3.193,0.613,0.614,0.595,0.594,0.614,0.594,2862400,1732650
535,sh517280,网购ETF,0.595,0.034,6.061,0.595,0.596,0.561,0.556,0.598,0.556,16609300,9774525
536,sh517270,沪港深科技TOPETF,0.612,0.035,6.066,0.606,0.612,0.577,0.573,0.614,0.573,8660800,5155981
537,sh517200,互联网ETF,0.422,0.028,7.107,0.421,0.422,0.394,0.395,0.422,0.394,9771100,3997807
538,sh517180,中国国企ETF,1.367,0.008,0.589,1.366,1.367,1.359,1.347,1.378,1.342,81318400,110473618
539,sh517170,沪港深ETF,0.659,0.016,2.488,0.659,0.661,0.643,0.637,0.659,0.637,948800,621087
540,sh517160,长江保护主题ETF,0.587,0.024,4.263,0.581,0.588,0.563,0.558,0.591,0.554,5231600,2988673
541,sh517120,沪港深创新药ETF,0.449,0.028,6.651,0.448,0.449,0.421,0.421,0.456,0.414,24222100,10483261
542,sh517110,创新药沪深港ETF,0.479,0.032,7.159,0.478,0.479,0.447,0.448,0.481,0.445,9607400,4497704
543,sh517100,AH500ETF,0.645,0.02,3.2,0.645,0.648,0.625,0.626,0.645,0.626,3556700,2252669
544,sh517090,央企共赢ETF,1.293,0.002,0.155,1.292,1.293,1.291,1.278,1.298,1.266,62473900,80009793
545,sh517080,沪港深500ETF基金,0.643,0.019,3.045,0.643,0.644,0.624,0.623,0.644,0.62,9248000,5850220
546,sh517050,互联网50ETF,0.46,0.029,6.729,0.458,0.46,0.431,0.435,0.461,0.42,16901300,7541696
547,sh517030,沪港深300ETF基金,0.745,0.023,3.186,0.736,0.745,0.722,0.718,0.746,0.718,5964800,4388745
548,sh517010,沪港深500ETF指数,0.725,0.021,2.983,0.718,0.726,0.704,0.705,0.726,0.705,2233900,1597724
549,sh517000,沪港深500ETF,0.639,0.019,3.065,0.639,0.64,0.62,0.62,0.64,0.62,2985200,1883264
550,sh516980,证券ETF先锋,0.86,0.054,6.7,0.855,0.86,0.806,0.798,0.861,0.798,3516800,2939848
551,sh516970,基建50ETF,0.964,0.038,4.104,0.964,0.965,0.926,0.916,0.97,0.913,179088500,168959953
552,sh516960,机械ETF,0.644,0.025,4.039,0.646,0.647,0.619,0.613,0.647,0.612,5321500,3402869
553,sh516950,基建ETF,0.927,0.032,3.575,0.926,0.929,0.895,0.885,0.93,0.879,41340800,37442620
554,sh516930,生物科技ETF基金,0.468,0.039,9.091,0.462,0.47,0.429,0.427,0.469,0.427,4714800,2143771
555,sh516920,芯片50ETF,0.452,0.032,7.619,0.45,0.452,0.42,0.419,0.452,0.415,32140400,14088505
556,sh516910,物流ETF,0.845,0.028,3.427,0.846,0.848,0.817,0.802,0.854,0.802,26015100,21470149
557,sh516900,食品饮料ETF基金,0.623,0.024,4.007,0.621,0.623,0.599,0.604,0.624,0.599,11567400,7149585
558,sh516890,新材料ETF平安,0.446,0.024,5.687,0.446,0.448,0.422,0.422,0.446,0.422,10282700,4489169
559,sh516880,光伏50ETF,0.634,0.035,5.843,0.634,0.635,0.599,0.595,0.637,0.594,45486870,28171159
560,sh516860,金融科技ETF,0.688,0.044,6.832,0.688,0.689,0.644,0.637,0.69,0.624,20902600,13705061
561,sh516850,新能源ETF华夏,0.659,0.036,5.778,0.65,0.659,0.623,0.621,0.659,0.617,11755500,7584731
562,sh516830,300ESGETF,0.688,0.02,2.994,0.687,0.688,0.668,0.665,0.688,0.665,14397700,9819033
563,sh516820,医疗创新ETF,0.36,0.02,5.882,0.36,0.361,0.34,0.336,0.361,0.335,160698200,56456034
564,sh516810,农业50ETF,0.638,0.022,3.571,0.638,0.639,0.616,0.61,0.641,0.61,14320000,9033624
565,sh516800,智能制造ETF,0.74,0.038,5.413,0.736,0.74,0.702,0.695,0.74,0.694,5554100,4015733
566,sh516790,医疗保健ETF,0.574,0.039,7.29,0.573,0.576,0.535,0.554,0.577,0.531,8242000,4612950
567,sh516780,稀土ETF,0.738,0.048,6.957,0.737,0.738,0.69,0.685,0.742,0.677,21810490,15631472
568,sh516770,游戏动漫ETF,0.852,0.049,6.102,0.85,0.851,0.803,0.777,0.864,0.772,32608700,26638984
569,sh516760,养殖ETF,0.589,0.019,3.333,0.588,0.59,0.57,0.569,0.594,0.563,8384200,4815153
570,sh516750,建材ETF,0.608,0.022,3.754,0.607,0.61,0.586,0.581,0.613,0.575,30694200,18088654
571,sh516730,证券公司ETF,0.771,0.035,4.755,0.771,0.773,0.736,0.729,0.775,0.725,14290100,10628532
572,sh516720,ESGETF,0.741,0.022,3.06,0.741,0.744,0.719,0.726,0.744,0.726,4745100,3483054
573,sh516710,新材料50ETF,0.422,0.024,6.03,0.421,0.423,0.398,0.398,0.423,0.398,9999900,4136318
574,sh516700,大数据产业ETF,0.619,0.04,6.908,0.616,0.619,0.579,0.579,0.621,0.572,4135900,2487928
575,sh516690,化工产业ETF,0.495,0.016,3.34,0.495,0.513,0.479,0.483,0.512,0.483,2025700,1029759
576,sh516670,畜牧养殖ETF,0.606,0.016,2.712,0.606,0.607,0.59,0.59,0.612,0.579,47811900,28455326
577,sh516660,新能源车ETF基金,0.618,0.04,6.92,0.618,0.619,0.578,0.583,0.618,0.571,22600200,13500938
578,sh516650,有色50ETF,0.808,0.04,5.208,0.807,0.808,0.768,0.773,0.809,0.771,3811800,3041846
579,sh516640,芯片龙头ETF,0.465,0.03,6.897,0.463,0.464,0.435,0.426,0.465,0.426,69041100,30896927
580,sh516630,云计算50ETF,0.716,0.052,7.831,0.714,0.716,0.664,0.663,0.718,0.649,13630800,9301100
581,sh516620,影视ETF,0.749,0.035,4.902,0.749,0.751,0.714,0.707,0.76,0.683,21680000,15513371
582,sh516610,医疗服务ETF,0.49,0.034,7.456,0.489,0.492,0.456,0.457,0.494,0.456,12969200,6187188
583,sh516600,消费服务ETF,0.514,0.023,4.684,0.512,0.515,0.491,0.491,0.514,0.491,7576700,3864773
584,sh516590,智能汽车50ETF,0.699,0.032,4.798,0.693,0.699,0.667,0.664,0.7,0.657,17293400,11822891
585,sh516580,新能源主题ETF,0.428,0.022,5.419,0.428,0.429,0.406,0.406,0.43,0.405,28562800,11950155
586,sh516570,化工行业ETF,0.671,0.027,4.193,0.669,0.672,0.644,0.638,0.672,0.638,9073900,6013046
587,sh516560,养老ETF,0.694,0.036,5.471,0.688,0.694,0.658,0.658,0.698,0.65,4703200,3208559
588,sh516550,农业ETF,0.573,0.027,4.945,0.572,0.573,0.546,0.544,0.573,0.54,13366700,7515272
589,sh516530,物流快递ETF,0.731,0.03,4.28,0.732,0.735,0.701,0.7,0.736,0.698,3521000,2536007
590,sh516520,智能驾驶ETF,0.71,0.048,7.251,0.709,0.71,0.662,0.655,0.712,0.645,17539200,12085405
591,sh516510,云计算ETF,0.736,0.057,8.395,0.736,0.738,0.679,0.666,0.738,0.666,110115661,77967612
592,sh516500,生物科技ETF,0.583,0.05,9.381,0.583,0.584,0.533,0.533,0.586,0.528,12248300,6940215
593,sh516480,新材料ETF基金,0.526,0.03,6.048,0.525,0.526,0.496,0.5,0.535,0.5,1566800,801127
594,sh516390,新能源汽车ETF,0.528,0.028,5.6,0.527,0.529,0.5,0.496,0.529,0.495,36427800,18850000
595,sh516380,智能电动车ETF,0.558,0.027,5.085,0.555,0.56,0.531,0.528,0.559,0.525,2972900,1608267
596,sh516360,新材料ETF,0.593,0.035,6.272,0.593,0.594,0.558,0.554,0.594,0.553,9080900,5237326
597,sh516350,半导体芯片ETF,0.508,0.031,6.499,0.508,0.509,0.477,0.478,0.509,0.469,32577263,16079125
598,sh516330,物联网ETF,0.739,0.035,4.972,0.739,0.74,0.704,0.695,0.74,0.695,1948800,1413312
599,sh516320,高端装备ETF,0.622,0.03,5.068,0.617,0.623,0.592,0.587,0.623,0.587,3229700,1980183
600,sh516310,银行ETF易方达,0.921,0.008,0.876,0.921,0.923,0.913,0.908,0.922,0.906,11249900,10291321
601,sh516300,中证1000指数ETF,0.752,0.036,5.028,0.748,0.752,0.716,0.711,0.762,0.692,44627400,32243796
602,sh516290,光伏龙头ETF,0.473,0.029,6.532,0.473,0.474,0.444,0.442,0.475,0.44,28473300,13033943
603,sh516270,新能源50ETF,0.421,0.023,5.779,0.419,0.421,0.398,0.397,0.421,0.396,40000000,16509342
604,sh516260,物联网50ETF,0.614,0.027,4.6,0.612,0.614,0.587,0.582,0.616,0.582,5352100,3247297
605,sh516220,化工龙头ETF,0.576,0.031,5.688,0.572,0.578,0.545,0.542,0.581,0.541,34516900,19618046
606,sh516210,银行ETF指数基金,0.964,0.014,1.474,0.945,0.967,0.95,0.962,0.967,0.952,5936200,5691932
607,sh516200,证券ETF指数基金,0.839,0.047,5.934,0.842,0.844,0.792,0.784,0.84,0.781,11917800,9605752
608,sh516190,文娱传媒ETF,0.796,0.047,6.275,0.795,0.796,0.749,0.742,0.802,0.735,4416700,3425336
609,sh516180,光伏ETF平安,0.634,0.036,6.02,0.634,0.635,0.598,0.593,0.635,0.592,11891700,7387741
610,sh516160,新能源ETF,0.555,0.032,6.119,0.555,0.556,0.523,0.521,0.556,0.519,427144000,231400996
611,sh516150,稀土ETF基金,0.775,0.056,7.789,0.774,0.775,0.719,0.711,0.779,0.71,75093100,56523819
612,sh516130,消费龙头ETF,0.702,0.02,2.933,0.702,0.704,0.682,0.687,0.705,0.687,6208200,4321713
613,sh516120,化工50ETF,0.555,0.032,6.119,0.555,0.556,0.523,0.52,0.557,0.52,35967900,19487416
614,sh516110,汽车ETF,0.907,0.044,5.098,0.906,0.908,0.863,0.866,0.916,0.855,108212584,96736695
615,sh516100,金融科技ETF华夏,0.648,0.02,3.185,0.648,0.649,0.628,0.619,0.655,0.592,19372500,12160198
616,sh516090,新能源ETF易方达,0.345,0.018,5.505,0.345,0.346,0.327,0.325,0.347,0.323,137466137,46318531
617,sh516080,创新药ETF易方达,0.507,0.046,9.978,0.507,0.0,0.461,0.459,0.507,0.454,24082400,11743739
618,sh516070,碳中和50ETF,0.39,0.016,4.278,0.39,0.391,0.374,0.372,0.39,0.369,32960600,12681665
619,sh516060,创新药产业ETF,0.459,0.041,9.809,0.457,0.459,0.418,0.414,0.459,0.414,13833500,6046109
620,sh516050,科技龙头ETF,0.516,0.028,5.738,0.516,0.517,0.488,0.484,0.517,0.482,22601100,11419357
621,sh516020,化工ETF,0.547,0.031,6.008,0.547,0.548,0.516,0.515,0.55,0.511,65781500,35091290
622,sh516010,游戏ETF,0.836,0.062,8.01,0.836,0.837,0.774,0.755,0.842,0.752,219191300,174595946
623,sh516000,大数据50ETF,0.612,0.04,6.993,0.612,0.613,0.572,0.555,0.617,0.555,10906600,6471529
624,sh515990,国企一带一路ETF,1.08,0.045,4.348,1.08,1.081,1.035,1.035,1.08,1.035,6587300,6958796
625,sh515980,人工智能ETF,0.655,0.045,7.377,0.654,0.655,0.61,0.6,0.657,0.596,122652700,77897980
626,sh515960,医药健康ETF,0.743,0.053,7.681,0.743,0.744,0.69,0.685,0.743,0.685,10985200,7937148
627,sh515950,医药龙头ETF,0.865,0.051,6.265,0.868,0.869,0.814,0.808,0.872,0.806,23750300,20086280
628,sh515920,智能消费ETF,0.612,0.029,4.974,0.606,0.614,0.583,0.58,0.613,0.578,17767000,10709965
629,sh515910,质量ETF,0.502,0.024,5.021,0.501,0.503,0.478,0.468,0.503,0.468,28171600,13982856
630,sh515900,央企创新驱动ETF,1.245,0.039,3.234,1.245,1.246,1.206,1.202,1.248,1.195,52220400,64123192
631,sh515890,红利ETF博时,1.284,0.026,2.067,1.284,1.288,1.258,1.253,1.29,1.246,6656400,8464661
632,sh515880,通信ETF,0.914,0.058,6.776,0.913,0.914,0.856,0.831,0.915,0.83,197281795,174131539
633,sh515860,科技ETF基金,1.005,0.066,7.029,1.005,1.01,0.939,0.94,1.005,0.93,2879100,2822858
634,sh515850,券商指数ETF,1.06,0.055,5.473,1.06,1.061,1.005,0.996,1.065,0.993,26488500,27129560
635,sh515810,中证800ETF,1.034,0.042,4.234,1.034,1.04,0.992,0.985,1.036,0.983,13659700,13856947
636,sh515800,800ETF,0.83,0.03,3.75,0.83,0.831,0.8,0.794,0.833,0.789,314972300,257084312
637,sh515790,光伏ETF,0.765,0.047,6.546,0.764,0.765,0.718,0.711,0.766,0.708,692576852,515191409
638,sh515780,浦银MSCI中国ETF,1.108,0.041,3.843,1.104,1.108,1.067,1.079,1.108,1.079,3320100,3628955
639,sh515770,摩根MSCIAETF,0.971,0.035,3.739,0.97,0.971,0.936,0.933,0.971,0.933,10950600,10448465
640,sh515760,浙江国资ETF,0.945,0.03,3.279,0.942,0.946,0.915,0.906,0.951,0.902,7224700,6645794
641,sh515750,科技50ETF,0.975,0.05,5.405,0.972,0.977,0.925,0.916,0.977,0.913,9204000,8802952
642,sh515710,食品ETF,0.607,0.024,4.117,0.607,0.608,0.583,0.582,0.608,0.579,32290100,19398859
643,sh515700,新能车ETF,1.302,0.084,6.897,1.3,1.301,1.218,1.202,1.305,1.202,117298800,147835461
644,sh515680,央企创新ETF基金,1.257,0.039,3.202,1.256,1.259,1.218,1.209,1.259,1.209,9638100,11892006
645,sh515670,中银中证100ETF,0.842,0.029,3.567,0.839,0.843,0.813,0.815,0.842,0.815,2619900,2181122
646,sh515660,国联安沪深300ETF,3.89,0.123,3.265,3.892,3.899,3.767,3.754,3.893,3.754,240500,926146
647,sh515650,消费50ETF,1.069,0.031,2.987,1.069,1.07,1.038,1.038,1.07,1.034,49755700,52678747
648,sh515630,保险证券ETF,0.98,0.043,4.589,0.977,0.98,0.937,0.946,0.982,0.928,8893000,8462593
649,sh515600,央企创新ETF,1.239,0.037,3.078,1.237,1.239,1.202,1.186,1.245,1.184,26190100,32091631
650,sh515590,500等权ETF,1.189,0.077,6.924,1.188,1.192,1.112,1.107,1.189,1.098,1971100,2246505
651,sh515580,科技100ETF,0.638,0.034,5.629,0.637,0.638,0.604,0.603,0.638,0.598,30414800,18898751
652,sh515560,证券ETF建信,0.79,0.041,5.474,0.789,0.79,0.749,0.746,0.79,0.74,17456700,13388595
653,sh515550,国联中证500ETF,1.036,0.033,3.29,1.036,1.05,1.003,0.999,1.044,0.998,40500,41590
654,sh515530,中证500ETF泰康,2.537,0.177,7.5,2.533,2.54,2.36,2.328,2.54,2.328,4461900,10919701
655,sh515450,红利低波50ETF,1.274,0.016,1.272,1.273,1.275,1.258,1.257,1.275,1.243,218196700,275341312
656,sh515400,大数据ETF,0.581,0.04,7.394,0.581,0.582,0.541,0.537,0.585,0.533,118720100,66495832
657,sh515390,沪深300ETF指数基金,0.911,0.023,2.59,0.911,0.912,0.888,0.883,0.914,0.878,42630900,38278678
658,sh515380,沪深300ETF泰康,3.623,0.124,3.544,3.625,3.626,3.499,3.458,3.627,3.458,33221700,118464388
659,sh515360,方正沪深300ETF,4.347,0.13,3.083,4.348,4.35,4.217,4.259,4.365,4.259,701400,3044096
660,sh515350,民生加银300ETF,4.18,0.126,3.108,4.182,4.196,4.054,4.068,4.191,4.066,4656200,19331075
661,sh515330,300ETF天弘,0.903,0.026,2.965,0.902,0.903,0.877,0.877,0.906,0.87,19696507,17618310
662,sh515320,电子50ETF,0.563,0.031,5.827,0.562,0.563,0.532,0.527,0.563,0.527,30218200,16540940
663,sh515310,沪深300指数ETF,0.948,0.037,4.061,0.947,0.948,0.911,0.904,0.949,0.898,20714300,19310953
664,sh515300,红利低波ETF基金,1.346,0.016,1.203,1.344,1.346,1.33,1.334,1.348,1.32,18236800,24460345
665,sh515290,银行ETF天弘,1.009,0.009,0.9,1.007,1.01,1.0,0.993,1.011,0.993,74243500,74465168
666,sh515280,银行龙头ETF,1.163,0.01,0.867,1.162,1.164,1.153,1.151,1.164,1.145,13520100,15641241
667,sh515260,电子ETF,0.592,0.028,4.965,0.592,0.593,0.564,0.561,0.595,0.557,20722600,12120979
668,sh515250,智能汽车ETF,0.652,0.041,6.71,0.651,0.652,0.611,0.61,0.655,0.602,108588900,69076521
669,sh515230,软件ETF,0.564,0.036,6.818,0.564,0.565,0.528,0.519,0.57,0.515,99744900,54139934
670,sh515220,煤炭ETF,2.392,0.017,0.716,2.392,2.394,2.375,2.371,2.408,2.336,61305663,145320138
671,sh515210,钢铁ETF,1.095,0.051,4.885,1.095,1.097,1.044,1.035,1.097,1.033,71345819,76053902
672,sh515200,创新100ETF,1.249,0.061,5.135,1.25,1.271,1.188,1.188,1.259,1.188,2170900,2684616
673,sh515190,中银证券500ETF,0.97,0.06,6.593,0.97,0.985,0.91,0.911,0.97,0.911,129300,119663
674,sh515180,红利ETF易方达,1.265,0.026,2.098,1.263,1.264,1.239,1.231,1.272,1.227,67204445,84246022
675,sh515170,食品饮料ETF,0.578,0.025,4.521,0.577,0.578,0.553,0.552,0.578,0.549,100293700,56978682
676,sh515160,MSCI中国ETF招商,1.056,0.042,4.142,1.057,1.06,1.014,1.02,1.056,1.02,7960400,8217024
677,sh515150,一带一路ETF,1.057,0.042,4.138,1.056,1.057,1.015,1.005,1.057,1.003,7744500,8097399
678,sh515130,沪深300ETF博时,1.02,0.036,3.659,1.02,1.021,0.984,0.98,1.02,0.98,19220100,19315684
679,sh515120,创新药ETF,0.499,0.045,9.912,0.499,0.0,0.454,0.45,0.499,0.449,375461400,180670380
680,sh515110,一带一路国企ETF,1.109,0.047,4.426,1.108,1.111,1.062,1.057,1.111,1.056,9672800,10498648
681,sh515100,红利低波100ETF,1.277,0.044,3.569,1.276,1.278,1.233,1.231,1.288,1.222,146530300,184357248
682,sh515090,可持续发展ETF,1.016,0.026,2.626,1.016,1.017,0.99,0.998,1.016,0.997,6330700,6354882
683,sh515080,中证红利ETF,1.438,0.028,1.986,1.437,1.438,1.41,1.401,1.443,1.394,207495900,293761615
684,sh515070,人工智能AIETF,0.785,0.053,7.24,0.783,0.784,0.732,0.725,0.788,0.722,65702304,49921760
685,sh515060,房地产ETF华夏,0.594,0.015,2.591,0.596,0.597,0.579,0.579,0.605,0.558,46399600,26709840
686,sh515050,5GETF,0.762,0.047,6.573,0.761,0.762,0.715,0.708,0.764,0.701,131387200,97418603
687,sh515030,新能源车ETF,0.986,0.056,6.022,0.985,0.986,0.93,0.92,0.988,0.914,208267812,199996918
688,sh515020,银行ETF华夏,1.194,0.01,0.845,1.189,1.196,1.184,1.184,1.196,1.176,27308000,32425665
689,sh515010,券商ETF华夏,0.986,0.049,5.229,0.985,0.986,0.937,0.932,0.994,0.925,27404200,26242613
690,sh515000,科技ETF,0.996,0.055,5.845,0.995,0.996,0.941,0.93,0.999,0.924,82452500,80059518
691,sh513990,港股通ETF,0.699,0.022,3.25,0.697,0.7,0.677,0.68,0.7,0.68,12061700,8291744
692,sh513980,港股科技50ETF,0.373,0.022,6.268,0.372,0.374,0.351,0.349,0.374,0.349,809441800,294788663
693,sh513970,恒生消费ETF,0.728,0.025,3.556,0.728,0.73,0.703,0.703,0.73,0.703,27038500,19450350
694,sh513960,港股通消费ETF,0.884,0.041,4.864,0.883,0.885,0.843,0.843,0.885,0.843,10092200,8776581
695,sh513950,恒生红利ETF,0.937,0.023,2.516,0.936,0.938,0.914,0.914,0.938,0.914,23355500,21644368
696,sh513920,港股通央企红利ETF,1.009,0.024,2.437,1.008,1.009,0.985,0.985,1.01,0.985,34289000,34282289
697,sh513900,港股通100ETF,0.678,0.022,3.354,0.678,0.679,0.656,0.656,0.679,0.656,52936400,35412048
698,sh513890,恒生科技HKETF,0.663,0.041,6.592,0.662,0.663,0.622,0.625,0.663,0.622,196013700,126118639
699,sh513880,日经225ETF,1.271,-0.01,-0.781,1.27,1.272,1.281,1.272,1.277,1.267,114560600,145573908
700,sh513870,纳斯达克指数ETF,1.2,-0.004,-0.332,1.2,1.201,1.204,1.202,1.205,1.195,77704700,93216603
701,sh513860,港股通科技ETF,0.374,0.02,5.65,0.374,0.375,0.354,0.353,0.375,0.353,149354631,54804746
702,sh513850,美国50ETF,1.111,-0.03,-2.629,1.111,1.112,1.141,1.144,1.146,1.11,1009693992,1134659211
703,sh513810,港股国企ETF,0.99,0.017,1.747,0.99,0.998,0.973,0.98,0.997,0.965,3265300,3227209
704,sh513800,日本东证指数ETF,1.329,-0.01,-0.747,1.329,1.33,1.339,1.333,1.335,1.325,17361600,23089256
705,sh513770,港股互联网ETF,0.57,0.032,5.948,0.568,0.569,0.538,0.537,0.57,0.536,541080138,299774583
706,sh513750,港股非银ETF,0.88,0.047,5.642,0.874,0.88,0.833,0.839,0.912,0.839,41259800,36154192
707,sh513730,东南亚科技ETF,1.023,0.007,0.689,1.023,1.024,1.016,1.016,1.024,1.016,89429899,91264370
708,sh513700,香港医药ETF,0.384,0.023,6.371,0.383,0.385,0.361,0.358,0.386,0.358,203820100,75720948
709,sh513690,恒生高股息ETF,0.713,0.016,2.296,0.712,0.713,0.697,0.691,0.713,0.691,102992100,72479742
710,sh513660,恒生ETF,1.868,0.068,3.778,1.868,1.869,1.8,1.802,1.869,1.801,225037300,414160743
711,sh513650,标普500ETF基金,1.267,-0.006,-0.471,1.266,1.267,1.273,1.27,1.27,1.264,25220000,31944432
712,sh513630,港股红利指数ETF,1.029,0.017,1.68,1.029,1.031,1.012,1.011,1.034,1.011,55423300,56892577
713,sh513600,恒生指数ETF,1.776,0.064,3.738,1.775,1.777,1.712,1.716,1.777,1.715,151259800,264328016
714,sh513590,香港消费ETF,0.555,0.025,4.717,0.55,0.554,0.53,0.535,0.555,0.532,3006600,1645674
715,sh513580,恒生科技ETF指数基金,0.442,0.028,6.763,0.441,0.442,0.414,0.414,0.442,0.414,498114200,213367324
716,sh513560,香港科技ETF,0.685,0.035,5.385,0.685,0.686,0.65,0.649,0.699,0.649,12668300,8522393
717,sh513550,港股通50ETF,0.683,0.026,3.957,0.681,0.683,0.657,0.657,0.683,0.657,117885400,79221555
718,sh513530,港股通红利ETF,1.111,0.03,2.775,1.11,1.112,1.081,1.082,1.112,1.082,29721900,32654704
719,sh513520,日经ETF,1.391,-0.043,-2.999,1.391,1.392,1.434,1.426,1.439,1.386,635005244,896495077
720,sh513500,标普500ETF,1.695,0.0,0.0,1.694,1.695,1.695,1.692,1.699,1.686,130172500,220149046
721,sh513400,道琼斯ETF,1.002,-0.012,-1.183,1.002,1.003,1.014,1.003,1.007,0.999,166417500,166674512
722,sh513390,纳指100ETF,1.443,0.008,0.557,1.443,1.444,1.435,1.435,1.444,1.431,26246800,37762368
723,sh513380,恒生科技ETF龙头,0.798,0.051,6.827,0.797,0.798,0.747,0.751,0.798,0.749,352385591,273429002
724,sh513360,教育ETF,0.521,0.009,1.758,0.52,0.521,0.512,0.509,0.532,0.502,637484800,327917071
725,sh513350,油气ETF,0.947,-0.006,-0.63,0.946,0.947,0.953,0.95,0.952,0.945,1142100,1080186
726,sh513330,恒生互联网ETF,0.317,0.016,5.316,0.316,0.317,0.301,0.302,0.317,0.301,13012082245,4033646033
727,sh513320,恒生新经济ETF,0.745,0.039,5.524,0.745,0.75,0.706,0.706,0.75,0.706,10748100,7844227
728,sh513310,中韩半导体ETF,1.075,0.038,3.664,1.075,1.076,1.037,1.042,1.082,1.032,89455300,95138377
729,sh513300,纳斯达克ETF,1.612,0.004,0.249,1.611,1.612,1.608,1.607,1.613,1.602,168178420,270181455
730,sh513290,纳指生物科技ETF,1.144,0.002,0.175,1.143,1.144,1.142,1.139,1.144,1.138,65446400,74672233
731,sh513280,恒生生物科技ETF,0.611,0.039,6.818,0.61,0.611,0.572,0.572,0.611,0.565,64043400,37804487
732,sh513260,恒生科技ETF基金,0.836,0.052,6.633,0.836,0.837,0.784,0.788,0.837,0.78,93890700,76468901
733,sh513230,港股消费ETF,0.614,0.026,4.422,0.615,0.616,0.588,0.588,0.647,0.588,128808400,78301637
734,sh513220,中概互联ETF,0.784,0.037,4.953,0.781,0.783,0.747,0.755,0.785,0.751,490905600,377237137
735,sh513200,港股通医药ETF,0.632,0.039,6.577,0.632,0.633,0.593,0.594,0.633,0.589,264173400,162274274
736,sh513190,港股通金融ETF,0.94,0.032,3.524,0.94,0.941,0.908,0.903,0.94,0.9,5450200,5050038
737,sh513180,恒生科技指数ETF,0.436,0.027,6.601,0.436,0.437,0.409,0.41,0.437,0.409,10096386242,4289337430
738,sh513160,港股科技30ETF,0.607,0.035,6.119,0.607,0.608,0.572,0.571,0.609,0.571,121235700,72348832
739,sh513150,港股通科技50ETF,0.592,0.034,6.093,0.592,0.593,0.558,0.563,0.594,0.558,12509700,7337211
740,sh513140,港股金融ETF,0.907,0.03,3.421,0.906,0.907,0.877,0.882,0.907,0.881,6300900,5646775
741,sh513130,恒生科技ETF,0.431,0.026,6.42,0.431,0.432,0.405,0.407,0.432,0.406,7524197482,3155938745
742,sh513120,港股创新药ETF,0.636,0.044,7.432,0.635,0.636,0.592,0.594,0.636,0.584,3869378659,2372698089
743,sh513110,纳斯达克100ETF,1.473,0.001,0.068,1.472,1.473,1.472,1.47,1.474,1.469,27707200,40775328
744,sh513100,纳指ETF,1.291,0.002,0.155,1.29,1.291,1.289,1.289,1.291,1.286,541262295,697623439
745,sh513090,香港证券ETF,0.965,0.05,5.464,0.965,0.966,0.915,0.914,0.967,0.914,1370606915,1292965517
746,sh513080,法国CAC40ETF,1.524,-0.01,-0.652,1.523,1.524,1.534,1.529,1.531,1.515,45545100,69311465
747,sh513070,港股消费50ETF,0.763,0.022,2.969,0.758,0.776,0.741,0.748,0.776,0.744,33504827,25542932
748,sh513060,恒生医疗ETF,0.361,0.023,6.805,0.361,0.362,0.338,0.338,0.363,0.334,6813423754,2384012798
749,sh513050,中概互联网ETF,0.89,0.041,4.829,0.889,0.89,0.849,0.851,0.893,0.85,1783027632,1557155318
750,sh513040,港股通互联网ETF,0.765,0.041,5.663,0.764,0.766,0.724,0.724,0.765,0.717,13644300,10278690
751,sh513030,德国ETF,1.275,-0.005,-0.391,1.274,1.275,1.28,1.275,1.278,1.271,81201100,103448042
752,sh513020,港股科技ETF,0.577,0.035,6.458,0.576,0.577,0.542,0.546,0.577,0.544,100703396,56795235
753,sh513010,恒生科技30ETF,0.449,0.028,6.651,0.448,0.449,0.421,0.422,0.449,0.422,1959478633,855073034
754,sh513000,日经225ETF易方达,1.351,-0.022,-1.602,1.352,1.353,1.373,1.367,1.367,1.348,53684400,72804832
755,sh512990,MSCIA股ETF,1.308,0.046,3.645,1.308,1.311,1.262,1.257,1.31,1.257,4839600,6223340
756,sh512980,传媒ETF,0.621,0.041,7.069,0.621,0.622,0.58,0.569,0.626,0.564,198704547,118114318
757,sh512970,大湾区ETF,0.938,0.029,3.19,0.902,0.937,0.909,0.904,0.941,0.904,214300,197283
758,sh512960,央企结构调整ETF,1.105,0.034,3.175,1.107,1.108,1.071,1.066,1.108,1.063,17396000,18966791
759,sh512950,央企改革ETF,1.143,0.037,3.345,1.141,1.143,1.106,1.083,1.145,1.083,29294712,32920957
760,sh512930,AI人工智能ETF,0.936,0.066,7.586,0.937,0.938,0.87,0.867,0.938,0.852,30923300,28040023
761,sh512910,中证100ETF,0.837,0.022,2.699,0.836,0.837,0.815,0.812,0.837,0.806,28233900,23393580
762,sh512900,证券ETF基金,0.857,0.047,5.802,0.856,0.857,0.81,0.812,0.862,0.803,55983000,46766971
763,sh512890,红利低波ETF,0.963,0.013,1.368,0.962,0.963,0.95,0.941,0.965,0.935,289365000,274264482
764,sh512880,证券ETF,0.863,0.048,5.89,0.862,0.863,0.815,0.808,0.868,0.806,1710286397,1438263158
765,sh512870,杭州湾区ETF,0.981,0.065,7.096,0.972,0.992,0.916,0.943,0.982,0.942,20200,19453
766,sh512820,银行业ETF,1.147,0.008,0.702,1.146,1.147,1.139,1.139,1.149,1.13,29959400,34178274
767,sh512810,国防军工ETF,0.88,0.053,6.409,0.88,0.881,0.827,0.82,0.884,0.812,48643800,41429865
768,sh512800,银行ETF,1.135,0.009,0.799,1.134,1.135,1.126,1.12,1.137,1.116,243130334,274190283
769,sh512770,战略新兴ETF,1.046,0.052,5.231,1.04,1.05,0.994,1.003,1.049,1.002,2369400,2456566
770,sh512760,芯片ETF,0.711,0.047,7.078,0.711,0.712,0.664,0.658,0.712,0.655,480805200,331150925
771,sh512750,基本面50ETF,1.141,0.014,1.242,1.14,1.141,1.127,1.127,1.144,1.122,8034100,9102750
772,sh512730,中证银行ETF,1.166,0.011,0.952,1.161,1.166,1.155,1.144,1.168,1.14,6576500,7631652
773,sh512720,计算机ETF,0.751,0.055,7.902,0.75,0.76,0.696,0.685,0.76,0.685,153859900,111803591
774,sh512710,军工龙头ETF,0.476,0.032,7.207,0.476,0.477,0.444,0.44,0.477,0.437,354372300,163191578
775,sh512700,银行ETF基金,1.201,0.01,0.84,1.201,1.203,1.191,1.187,1.204,1.18,58730300,70195885
776,sh512690,酒ETF,0.628,0.03,5.017,0.627,0.628,0.598,0.598,0.629,0.596,828200900,510970510
777,sh512680,军工ETF龙头,0.786,0.046,6.216,0.785,0.786,0.74,0.743,0.792,0.727,44611100,34302066
778,sh512670,国防ETF,0.535,0.039,7.863,0.535,0.536,0.496,0.49,0.537,0.49,244881300,126744682
779,sh512660,军工ETF,0.771,0.047,6.492,0.771,0.772,0.724,0.716,0.772,0.707,390968663,291221831
780,sh512650,长三角ETF,0.812,0.038,4.91,0.813,0.817,0.774,0.77,0.812,0.77,8055400,6334624
781,sh512640,金融地产ETF基金,1.85,0.142,8.314,1.85,1.851,1.708,1.714,1.85,1.714,3210500,5550786
782,sh512600,必选消费ETF,0.688,0.024,3.614,0.688,0.689,0.664,0.669,0.688,0.66,17877200,12150275
783,sh512580,环保ETF,0.863,0.035,4.227,0.863,0.864,0.828,0.8,0.863,0.8,11995800,10149249
784,sh512570,证券ETF易方达,0.867,0.046,5.603,0.867,0.868,0.821,0.818,0.873,0.813,17101961,14413368
785,sh512560,军工ETF易方达,0.467,0.03,6.865,0.467,0.468,0.437,0.435,0.469,0.428,55004400,24816534
786,sh512550,A50ETF基金,1.273,0.042,3.412,1.274,1.275,1.231,1.229,1.275,1.22,12683000,15893060
787,sh512530,沪深300红利ETF,1.274,0.011,0.871,1.273,1.274,1.263,1.263,1.274,1.254,6013100,7625005
788,sh512520,MSCIETF,0.981,0.033,3.481,0.981,0.982,0.948,0.952,0.982,0.952,6241200,6070670
789,sh512510,中证500指数ETF,1.334,0.107,8.72,1.332,1.338,1.227,1.218,1.338,1.2,18167500,23130961
790,sh512500,中证500ETF华夏,2.602,0.198,8.236,2.6,2.601,2.404,2.393,2.613,2.373,324357187,809699214
791,sh512480,半导体ETF,0.622,0.044,7.612,0.621,0.622,0.578,0.573,0.622,0.567,1817937942,1087947567
792,sh512400,有色金属ETF,0.842,0.042,5.25,0.841,0.842,0.8,0.791,0.846,0.791,91418500,75396424
793,sh512390,平安MSCI低波ETF,1.11,0.03,2.778,1.107,1.112,1.08,1.09,1.11,1.088,4143600,4560908
794,sh512380,MSCI中国ETF,1.096,0.04,3.788,1.092,1.097,1.056,1.051,1.096,1.051,8207300,8883711
795,sh512360,平安MSCI国际ETF,1.263,0.049,4.036,1.263,1.264,1.214,1.224,1.263,1.224,33100,40953
796,sh512330,信息科技ETF,0.66,0.054,8.911,0.659,0.661,0.606,0.606,0.663,0.6,10257700,6440711
797,sh512320,工银MSCI中国ETF,0.733,0.019,2.661,0.733,0.734,0.714,0.719,0.734,0.719,2924400,2132523
798,sh512290,生物医药ETF,0.982,0.077,8.508,0.983,0.985,0.905,0.895,0.984,0.892,173747818,165582698
799,sh512280,景顺MSCIA股ETF,1.222,0.044,3.735,1.22,1.225,1.178,1.182,1.222,1.181,4025300,4839762
800,sh512260,中证500低波动ETF,1.357,0.092,7.273,1.351,1.357,1.265,1.265,1.357,1.24,2710400,3557795
801,sh512220,TMTETF,1.16,0.041,3.664,1.159,1.16,1.119,1.1,1.162,1.1,3888400,4398591
802,sh512200,房地产ETF,0.457,0.016,3.628,0.456,0.457,0.441,0.436,0.461,0.425,298852200,132427432
803,sh512190,浙商之江凤凰ETF,1.485,0.052,3.629,1.465,1.489,1.433,1.405,1.485,1.404,28400,41328
804,sh512180,MSCIA股ETF基金,1.167,0.036,3.183,1.167,1.178,1.131,1.137,1.17,1.137,579800,664016
805,sh512170,医疗ETF,0.339,0.023,7.278,0.338,0.339,0.316,0.312,0.339,0.312,2030729054,666788196
806,sh512160,MSCI中国A股ETF,0.974,0.032,3.397,0.966,0.978,0.942,0.935,0.977,0.919,4515800,4361715
807,sh512150,A50ETF,1.365,0.037,2.786,1.364,1.365,1.328,1.325,1.366,1.308,4069400,5496337
808,sh512120,医药50ETF,0.397,0.025,6.72,0.395,0.398,0.372,0.369,0.399,0.367,40032200,15490730
809,sh512100,中证1000ETF,1.855,0.118,6.793,1.857,1.858,1.737,1.701,1.876,1.68,3046341897,5398219113
810,sh512090,MSCIA股ETF易方达,1.279,0.049,3.984,1.279,1.28,1.23,1.213,1.283,1.213,7519900,9428962
811,sh512070,证券保险ETF,0.591,0.025,4.417,0.59,0.591,0.566,0.565,0.593,0.562,248063702,143583813
812,sh512040,价值100ETF,0.811,0.03,3.841,0.81,0.811,0.781,0.78,0.817,0.77,46543200,36939895
813,sh512010,医药ETF,0.363,0.023,6.765,0.363,0.364,0.34,0.338,0.364,0.337,2471860602,877297981
814,sh512000,券商ETF,0.826,0.045,5.762,0.825,0.826,0.781,0.775,0.832,0.773,1020671344,822125859
815,sh511990,华宝添益ETF,100.004,-0.007,-0.007,100.004,100.005,100.011,100.003,100.006,99.999,163309702,16331389210
816,sh511980,现金添富ETF,100.04,0.035,0.035,0.0,100.04,100.005,100.0,100.04,100.0,1400,140048
817,sh511970,国寿货币ETF,99.965,-0.035,-0.035,0.0,100.043,100.0,99.112,99.997,99.112,400,39819
818,sh511960,嘉实快线ETF,100.039,0.0,0.0,0.0,100.195,100.039,0.0,0.0,0.0,0,0
819,sh511950,添利货币ETF,100.021,-0.003,-0.003,99.997,100.098,100.024,99.995,100.219,99.995,1203,120479
820,sh511930,国联日盈货币ETF,100.005,0.004,0.004,0.0,100.052,100.001,99.992,100.005,99.992,261,26100
821,sh511920,广发货币ETF,100.011,0.005,0.005,99.996,100.08,100.006,100.011,100.011,100.011,80,8001
822,sh511910,融通货币ETF,100.0,0.0,0.0,0.0,100.1,100.0,0.0,0.0,0.0,0,0
823,sh511900,富国货币ETF,100.006,0.001,0.001,100.005,100.008,100.005,100.002,100.006,100.002,1170374,117044338
824,sh511880,银华日利ETF,100.279,-0.008,-0.008,100.273,100.275,100.287,100.29,100.29,100.265,151846660,15227743424
825,sh511860,保证金货币ETF,100.0,-0.002,-0.002,100.0,100.004,100.002,100.0,100.003,100.0,3406,340608
826,sh511850,财富宝ETF,100.002,-0.005,-0.005,100.001,100.002,100.007,100.005,100.005,100.0,8848772,884888108
827,sh511830,华泰货币ETF,100.005,0.008,0.008,99.998,100.031,99.997,99.998,100.005,99.971,1001,100097
828,sh511820,鹏华添利ETF,100.012,-0.068,-0.068,0.0,100.012,100.08,100.29,100.29,100.009,602,60234
829,sh511810,理财金货币ETF,100.01,-0.009,-0.009,100.004,100.013,100.019,100.016,100.045,99.998,646867,64691988
830,sh511800,易方达货币ETF,100.004,0.0,0.0,100.002,100.005,100.004,100.006,100.011,100.0,59805,5980745
831,sh511770,金鹰增益货币ETF,99.991,0.019,0.019,0.0,100.288,99.972,99.941,99.996,99.941,2830,282962
832,sh511700,场内货币ETF,100.007,0.001,0.001,100.007,100.008,100.006,100.007,100.008,100.003,279264,27927949
833,sh511690,交易货币ETF,100.001,-0.003,-0.003,99.999,100.002,100.004,100.004,100.005,99.999,698296,69830049
834,sh511670,华泰天天金ETF,100.002,-0.003,-0.003,0.0,100.032,100.005,100.002,100.002,100.002,100,10000
835,sh511660,货币ETF建信添益,100.002,-0.005,-0.005,100.001,100.003,100.007,100.004,100.004,99.998,13185994,1318612720
836,sh511650,华夏快线ETF,100.0,0.0,0.0,100.0,100.006,100.0,100.0,100.0,99.997,6476,647600
837,sh511620,货币基金ETF,100.0,-0.005,-0.005,100.0,100.002,100.005,100.0,100.053,99.987,272821,27282076
838,sh511600,货币ETF,100.002,-0.001,-0.001,100.002,100.071,100.003,100.0,100.006,100.0,23421,2342144
839,sh511580,政金债5年ETF,104.81,-0.079,-0.075,104.81,104.829,104.889,104.916,104.916,104.805,2158700,226339726
840,sh511520,政金债券ETF,105.697,-0.236,-0.223,105.695,105.7,105.933,105.89,105.949,105.652,31030710,3283251485
841,sh511380,可转债ETF,10.643,0.156,1.488,10.642,10.643,10.487,10.48,10.687,10.45,146449605,1550643651
842,sh511360,短融ETF,108.972,-0.012,-0.011,108.972,108.973,108.984,108.992,109.002,108.96,62013720,6758169138
843,sh511270,10年地方债ETF,111.058,-0.636,-0.569,111.002,111.059,111.694,111.57,111.614,110.906,645300,71833869
844,sh511260,十年国债ETF,125.657,-0.328,-0.26,125.644,125.702,125.985,125.96,125.966,125.594,936200,117794821
845,sh511220,城投债ETF,10.15,-0.005,-0.049,10.149,10.151,10.155,10.154,10.155,10.146,26124000,265157848
846,sh511180,上证可转债ETF,10.309,0.1,0.98,10.309,10.31,10.209,10.204,10.355,10.189,13628494,140175063
847,sh511100,基准国债ETF,101.182,-0.165,-0.163,101.185,101.198,101.347,101.326,101.477,101.121,2137200,216329369
848,sh511090,30年国债ETF,110.232,-0.746,-0.672,110.249,110.259,110.978,110.767,110.922,109.7,3734820,412726846
849,sh511060,5年地方债ETF,103.582,-0.266,-0.256,103.497,103.582,103.848,103.732,103.82,103.497,185710,19251348
850,sh511030,公司债ETF,10.41,-0.003,-0.029,10.409,10.41,10.413,10.409,10.411,10.409,21337700,222121004
851,sh511020,活跃国债ETF,112.098,-0.263,-0.234,112.07,112.1,112.361,112.312,112.361,112.067,5181500,580956578
852,sh511010,国债ETF,134.023,-0.201,-0.15,134.018,134.019,134.224,134.145,134.17,133.97,4267700,572060128
853,sh510990,180ESGETF,0.746,0.018,2.473,0.746,0.75,0.728,0.721,0.748,0.721,12752600,9471852
854,sh510980,上证综合ETF,0.922,0.02,2.217,0.922,0.923,0.902,0.897,0.93,0.888,63175200,57460215
855,sh510900,H股ETF,0.687,0.03,4.566,0.687,0.688,0.657,0.658,0.688,0.657,914378302,616583789
856,sh510880,红利ETF,2.96,0.042,1.439,2.96,2.961,2.918,2.91,2.977,2.888,220979100,649425457
857,sh510850,工银上证50ETF,2.588,0.068,2.698,2.587,2.588,2.52,2.496,2.596,2.496,8114600,20766000
858,sh510810,上海国企ETF,0.699,0.034,5.113,0.699,0.7,0.665,0.663,0.703,0.657,34214230,23329261
859,sh510800,50ETF基金,1.032,0.027,2.687,1.031,1.032,1.005,1.005,1.037,1.001,71835300,73574453
860,sh510770,G60创新ETF,0.431,0.027,6.683,0.43,0.431,0.404,0.404,0.433,0.392,3306200,1359298
861,sh510760,上证综指ETF,0.968,0.032,3.419,0.969,0.97,0.936,0.928,0.972,0.925,286551100,272197270
862,sh510710,上证50ETF博时,3.08,0.079,2.632,3.08,3.084,3.001,3.001,3.1,2.973,8268200,25196370
863,sh510680,上证50ETF基金,2.342,0.061,2.674,2.343,2.345,2.281,2.281,2.346,2.272,9919500,23032689
864,sh510660,医药卫生ETF,2.064,0.155,8.119,2.063,2.064,1.909,1.917,2.064,1.896,4427400,8829807
865,sh510650,金融地产ETF,2.037,0.041,2.054,2.039,2.05,1.996,1.996,2.039,1.988,5989100,12050213
866,sh510630,消费30ETF,0.907,0.032,3.657,0.907,0.911,0.875,0.875,0.911,0.87,16556400,14813517
867,sh510600,申万上证50ETF,2.896,0.074,2.622,2.904,2.907,2.822,2.83,2.908,2.83,2271200,6521932
868,sh510590,中证500ETF平安,5.021,0.344,7.355,4.851,5.026,4.677,4.631,5.022,4.601,1327100,6319837
869,sh510580,中证500ETF易方达,0.589,0.044,8.073,0.587,0.588,0.545,0.54,0.593,0.535,79009369,44894147
870,sh510570,兴业中证500ETF,0.755,0.051,7.244,0.707,0.766,0.704,0.702,0.755,0.702,894100,667792
871,sh510560,国寿500ETF,1.088,0.058,5.631,1.077,1.099,1.03,1.03,1.088,1.03,23800,25157
872,sh510550,方正中证500ETF,1.209,0.088,7.85,1.196,1.2,1.121,1.12,1.233,1.099,2785900,3222117
873,sh510530,工银中证500ETF,5.046,0.373,7.982,4.97,5.046,4.673,4.666,5.046,4.641,1883700,9117190
874,sh510510,中证500ETF基金,1.481,0.097,7.009,1.48,1.481,1.384,1.371,1.486,1.356,39268700,56545678
875,sh510500,中证500ETF,4.913,0.378,8.335,4.914,4.916,4.535,4.483,4.93,4.465,1028044408,4861999738
876,sh510410,资源ETF,1.061,0.019,1.823,1.052,1.061,1.042,1.021,1.066,1.021,13655600,14361812
877,sh510390,沪深300ETF平安,3.504,0.12,3.546,3.501,3.509,3.384,3.378,3.504,3.378,2947400,10168450
878,sh510380,国寿300ETF,0.92,0.03,3.371,0.911,0.929,0.89,0.907,0.923,0.905,146800,134000
879,sh510370,300指数ETF,0.726,0.021,2.979,0.726,0.776,0.705,0.702,0.729,0.7,1995600,1436303
880,sh510360,沪深300ETF基金,1.201,0.041,3.534,1.201,1.202,1.16,1.153,1.202,1.15,73610500,87175696
881,sh510350,工银沪深300ETF,3.568,0.129,3.751,3.568,3.569,3.439,3.434,3.569,3.431,4847900,16974228
882,sh510330,沪深300ETF华夏,3.381,0.109,3.331,3.38,3.381,3.272,3.25,3.383,3.242,387137600,1285886025
883,sh510310,沪深300ETF易方达,1.614,0.054,3.462,1.613,1.614,1.56,1.55,1.619,1.55,1381220466,2202663461
884,sh510300,沪深300ETF,3.311,0.103,3.211,3.311,3.312,3.208,3.185,3.314,3.182,2008918168,6562526022
885,sh510290,上证380ETF,1.665,0.064,3.998,1.663,1.667,1.601,1.601,1.67,1.568,3470300,5593076
886,sh510270,国企ETF,1.201,0.04,3.445,1.2,1.202,1.161,1.168,1.203,1.144,3333800,3907219
887,sh510230,金融ETF,0.998,0.023,2.359,0.997,0.998,0.975,0.974,0.999,0.972,143019600,140407763
888,sh510210,上证指数ETF,0.689,0.023,3.453,0.688,0.689,0.666,0.66,0.69,0.659,927073371,626415636
889,sh510200,上证券商ETF,1.009,0.034,3.487,1.009,1.01,0.975,0.974,1.01,0.95,2843400,2796854
890,sh510190,上证50ETF指数基金,3.208,0.076,2.427,3.208,3.209,3.132,3.025,3.222,3.025,3756800,11948445
891,sh510180,上证180ETF,3.132,0.094,3.094,3.131,3.133,3.038,3.03,3.136,3.015,18805261,58136504
892,sh510170,大宗商品ETF,0.761,0.021,2.838,0.76,0.767,0.74,0.735,0.768,0.735,4238600,3189689
893,sh510160,产业升级ETF,0.704,0.019,2.774,0.704,0.0,0.685,0.687,0.704,0.684,6122100,4240445
894,sh510150,消费ETF,0.49,0.026,5.603,0.489,0.49,0.464,0.463,0.491,0.462,80267200,38542292
895,sh510130,中盘ETF,4.702,0.102,2.217,4.708,4.723,4.6,4.56,4.725,4.548,893300,4158952
896,sh510100,上证50ETF易方达,1.145,0.03,2.691,1.146,1.147,1.115,1.11,1.149,1.108,451804423,513948793
897,sh510090,ESGETF基金,2.043,0.1,5.147,2.023,2.059,1.943,1.962,2.122,1.962,58800,120562
898,sh510060,央企ETF,2.029,0.024,1.197,2.029,2.03,2.005,1.989,2.037,1.988,7093500,14297110
899,sh510050,上证50ETF,2.351,0.062,2.709,2.351,2.352,2.289,2.281,2.359,2.279,2385726511,5559702141
900,sh510030,价值ETF,0.813,0.011,1.372,0.811,0.812,0.802,0.798,0.813,0.791,7729500,6246059
901,sh510020,超大盘ETF,2.604,0.061,2.399,2.659,0.0,2.543,2.53,2.659,2.53,2655700,6862874
902,sh510010,180治理ETF,1.361,0.0,0.0,1.361,1.364,1.361,1.322,1.369,1.322,575200,768000
